ISO-10303-21;
HEADER;
/* Generated by software containing ST-Developer
 * from STEP Tools, Inc. (www.steptools.com) 
 */

FILE_DESCRIPTION(
/* description */ (''),
/* implementation_level */ '2;1');

FILE_NAME(
/* name */ 'MainCase3DPrint.step',
/* time_stamp */ '2026-07-13T09:32:37+02:00',
/* author */ (''),
/* organization */ (''),
/* preprocessor_version */ 'ST-DEVELOPER v20.1',
/* originating_system */ 'Autodesk Translation Framework v15.8.0.0',
/* authorisation */ '');

FILE_SCHEMA (('AUTOMOTIVE_DESIGN { 1 0 10303 214 3 1 1 }'));
ENDSEC;

DATA;
#10=MECHANICAL_DESIGN_GEOMETRIC_PRESENTATION_REPRESENTATION('',(#17),#2892);
#11=ITEM_DEFINED_TRANSFORMATION($,$,#1746,#1899);
#12=(
REPRESENTATION_RELATIONSHIP($,$,#2903,#2902)
REPRESENTATION_RELATIONSHIP_WITH_TRANSFORMATION(#11)
SHAPE_REPRESENTATION_RELATIONSHIP()
);
#13=CONTEXT_DEPENDENT_SHAPE_REPRESENTATION(#12,#2901);
#14=NEXT_ASSEMBLY_USAGE_OCCURRENCE('MainCase:1','MainCase:1',
'MainCase:1',#2905,#2906,'MainCase:1');
#15=SHAPE_REPRESENTATION_RELATIONSHIP('SRR','None',#2903,#16);
#16=ADVANCED_BREP_SHAPE_REPRESENTATION('',(#18),#2891);
#17=STYLED_ITEM('',(#2917),#18);
#18=MANIFOLD_SOLID_BREP('MainCase',#1732);
#19=FACE_BOUND('',#237,.T.);
#20=FACE_BOUND('',#240,.T.);
#21=FACE_BOUND('',#243,.T.);
#22=FACE_BOUND('',#249,.T.);
#23=FACE_BOUND('',#281,.T.);
#24=FACE_BOUND('',#282,.T.);
#25=FACE_BOUND('',#283,.T.);
#26=FACE_BOUND('',#288,.T.);
#27=FACE_BOUND('',#293,.T.);
#28=FACE_BOUND('',#300,.T.);
#29=FACE_BOUND('',#302,.T.);
#30=FACE_BOUND('',#308,.T.);
#31=FACE_BOUND('',#315,.T.);
#32=FACE_BOUND('',#318,.T.);
#33=FACE_BOUND('',#323,.T.);
#34=FACE_BOUND('',#326,.T.);
#35=FACE_BOUND('',#327,.T.);
#36=FACE_BOUND('',#328,.T.);
#37=FACE_BOUND('',#329,.T.);
#38=FACE_BOUND('',#330,.T.);
#39=FACE_BOUND('',#331,.T.);
#40=FACE_BOUND('',#332,.T.);
#41=FACE_BOUND('',#333,.T.);
#42=CIRCLE('',#1749,3.49999999999999);
#43=CIRCLE('',#1750,3.49999999999999);
#44=CIRCLE('',#1753,3.5);
#45=CIRCLE('',#1754,3.5);
#46=CIRCLE('',#1757,3.50000000000001);
#47=CIRCLE('',#1758,3.50000000000001);
#48=CIRCLE('',#1763,3.5);
#49=CIRCLE('',#1764,3.5);
#50=CIRCLE('',#1765,3.49999999999998);
#51=CIRCLE('',#1767,3.49999999999998);
#52=CIRCLE('',#1769,1.00000000000001);
#53=CIRCLE('',#1770,0.999999999999999);
#54=CIRCLE('',#1771,0.999999999999996);
#55=CIRCLE('',#1772,1.);
#56=CIRCLE('',#1774,3.5);
#57=CIRCLE('',#1776,2.);
#58=CIRCLE('',#1777,2.00000000000001);
#59=CIRCLE('',#1778,2.00000000000001);
#60=CIRCLE('',#1779,2.00000000000001);
#61=CIRCLE('',#1785,3.49999999999679);
#62=CIRCLE('',#1786,3.5);
#63=CIRCLE('',#1787,3.49999999999955);
#64=CIRCLE('',#1791,2.);
#65=CIRCLE('',#1794,2.00000000000001);
#66=CIRCLE('',#1797,2.00000000000001);
#67=CIRCLE('',#1800,2.00000000000001);
#68=CIRCLE('',#1803,1.00000000000001);
#69=CIRCLE('',#1806,0.999999999999999);
#70=CIRCLE('',#1809,0.999999999999996);
#71=CIRCLE('',#1812,1.);
#72=CIRCLE('',#1814,1.25);
#73=CIRCLE('',#1815,1.25);
#74=CIRCLE('',#1817,1.25);
#75=CIRCLE('',#1818,1.25);
#76=CIRCLE('',#1820,2.5);
#77=CIRCLE('',#1821,2.5);
#78=CIRCLE('',#1823,1.5);
#79=CIRCLE('',#1824,1.5);
#80=CIRCLE('',#1825,2.);
#81=CIRCLE('',#1828,1.5);
#82=CIRCLE('',#1829,1.5);
#83=CIRCLE('',#1831,1.5);
#84=CIRCLE('',#1832,1.5);
#85=CIRCLE('',#1834,2.);
#86=CIRCLE('',#1841,2.00000000000001);
#87=CIRCLE('',#1842,1.99999999999999);
#88=CIRCLE('',#1843,2.00000000000001);
#89=CIRCLE('',#1844,2.);
#90=CIRCLE('',#1847,2.00000000000001);
#91=CIRCLE('',#1850,1.59999999999999);
#92=CIRCLE('',#1853,2.00000000000001);
#93=CIRCLE('',#1856,3.5);
#94=CIRCLE('',#1857,1.59999999999998);
#95=CIRCLE('',#1862,2.);
#96=CIRCLE('',#1865,3.5);
#97=CIRCLE('',#1866,1.59999999999999);
#98=CIRCLE('',#1869,3.5);
#99=CIRCLE('',#1871,1.99999999999999);
#100=CIRCLE('',#1875,1.59999999999998);
#101=CIRCLE('',#1877,3.5);
#102=CIRCLE('',#1879,1.59999999999999);
#103=CIRCLE('',#1881,1.59999999999998);
#104=CIRCLE('',#1883,1.59999999999999);
#105=CIRCLE('',#1885,1.59999999999998);
#106=CIRCLE('',#1888,3.49999999999955);
#107=CIRCLE('',#1891,3.5);
#108=CIRCLE('',#1894,3.49999999999679);
#109=CIRCLE('',#1897,3.5);
#110=CYLINDRICAL_SURFACE('',#1748,3.49999999999999);
#111=CYLINDRICAL_SURFACE('',#1752,3.5);
#112=CYLINDRICAL_SURFACE('',#1756,3.50000000000001);
#113=CYLINDRICAL_SURFACE('',#1766,3.49999999999998);
#114=CYLINDRICAL_SURFACE('',#1773,3.5);
#115=CYLINDRICAL_SURFACE('',#1790,2.);
#116=CYLINDRICAL_SURFACE('',#1793,2.00000000000001);
#117=CYLINDRICAL_SURFACE('',#1796,2.00000000000001);
#118=CYLINDRICAL_SURFACE('',#1799,2.00000000000001);
#119=CYLINDRICAL_SURFACE('',#1802,1.00000000000001);
#120=CYLINDRICAL_SURFACE('',#1805,0.999999999999999);
#121=CYLINDRICAL_SURFACE('',#1808,0.999999999999996);
#122=CYLINDRICAL_SURFACE('',#1811,1.);
#123=CYLINDRICAL_SURFACE('',#1813,1.25);
#124=CYLINDRICAL_SURFACE('',#1816,1.25);
#125=CYLINDRICAL_SURFACE('',#1819,2.5);
#126=CYLINDRICAL_SURFACE('',#1827,1.5);
#127=CYLINDRICAL_SURFACE('',#1830,1.5);
#128=CYLINDRICAL_SURFACE('',#1833,2.);
#129=CYLINDRICAL_SURFACE('',#1846,2.00000000000001);
#130=CYLINDRICAL_SURFACE('',#1852,2.00000000000001);
#131=CYLINDRICAL_SURFACE('',#1859,3.5);
#132=CYLINDRICAL_SURFACE('',#1861,2.);
#133=CYLINDRICAL_SURFACE('',#1868,3.5);
#134=CYLINDRICAL_SURFACE('',#1870,1.99999999999999);
#135=CYLINDRICAL_SURFACE('',#1878,1.59999999999999);
#136=CYLINDRICAL_SURFACE('',#1880,1.59999999999998);
#137=CYLINDRICAL_SURFACE('',#1882,1.59999999999999);
#138=CYLINDRICAL_SURFACE('',#1884,1.59999999999998);
#139=CYLINDRICAL_SURFACE('',#1887,3.49999999999955);
#140=CYLINDRICAL_SURFACE('',#1890,3.5);
#141=CYLINDRICAL_SURFACE('',#1893,3.49999999999679);
#142=CYLINDRICAL_SURFACE('',#1896,3.5);
#143=FACE_OUTER_BOUND('',#227,.T.);
#144=FACE_OUTER_BOUND('',#228,.T.);
#145=FACE_OUTER_BOUND('',#229,.T.);
#146=FACE_OUTER_BOUND('',#230,.T.);
#147=FACE_OUTER_BOUND('',#231,.T.);
#148=FACE_OUTER_BOUND('',#232,.T.);
#149=FACE_OUTER_BOUND('',#233,.T.);
#150=FACE_OUTER_BOUND('',#234,.T.);
#151=FACE_OUTER_BOUND('',#235,.T.);
#152=FACE_OUTER_BOUND('',#236,.T.);
#153=FACE_OUTER_BOUND('',#238,.T.);
#154=FACE_OUTER_BOUND('',#239,.T.);
#155=FACE_OUTER_BOUND('',#241,.T.);
#156=FACE_OUTER_BOUND('',#242,.T.);
#157=FACE_OUTER_BOUND('',#244,.T.);
#158=FACE_OUTER_BOUND('',#245,.T.);
#159=FACE_OUTER_BOUND('',#246,.T.);
#160=FACE_OUTER_BOUND('',#247,.T.);
#161=FACE_OUTER_BOUND('',#248,.T.);
#162=FACE_OUTER_BOUND('',#250,.T.);
#163=FACE_OUTER_BOUND('',#251,.T.);
#164=FACE_OUTER_BOUND('',#252,.T.);
#165=FACE_OUTER_BOUND('',#253,.T.);
#166=FACE_OUTER_BOUND('',#254,.T.);
#167=FACE_OUTER_BOUND('',#255,.T.);
#168=FACE_OUTER_BOUND('',#256,.T.);
#169=FACE_OUTER_BOUND('',#257,.T.);
#170=FACE_OUTER_BOUND('',#258,.T.);
#171=FACE_OUTER_BOUND('',#259,.T.);
#172=FACE_OUTER_BOUND('',#260,.T.);
#173=FACE_OUTER_BOUND('',#261,.T.);
#174=FACE_OUTER_BOUND('',#262,.T.);
#175=FACE_OUTER_BOUND('',#263,.T.);
#176=FACE_OUTER_BOUND('',#264,.T.);
#177=FACE_OUTER_BOUND('',#265,.T.);
#178=FACE_OUTER_BOUND('',#266,.T.);
#179=FACE_OUTER_BOUND('',#267,.T.);
#180=FACE_OUTER_BOUND('',#268,.T.);
#181=FACE_OUTER_BOUND('',#269,.T.);
#182=FACE_OUTER_BOUND('',#270,.T.);
#183=FACE_OUTER_BOUND('',#271,.T.);
#184=FACE_OUTER_BOUND('',#272,.T.);
#185=FACE_OUTER_BOUND('',#273,.T.);
#186=FACE_OUTER_BOUND('',#274,.T.);
#187=FACE_OUTER_BOUND('',#275,.T.);
#188=FACE_OUTER_BOUND('',#276,.T.);
#189=FACE_OUTER_BOUND('',#277,.T.);
#190=FACE_OUTER_BOUND('',#278,.T.);
#191=FACE_OUTER_BOUND('',#279,.T.);
#192=FACE_OUTER_BOUND('',#280,.T.);
#193=FACE_OUTER_BOUND('',#284,.T.);
#194=FACE_OUTER_BOUND('',#285,.T.);
#195=FACE_OUTER_BOUND('',#286,.T.);
#196=FACE_OUTER_BOUND('',#287,.T.);
#197=FACE_OUTER_BOUND('',#289,.T.);
#198=FACE_OUTER_BOUND('',#290,.T.);
#199=FACE_OUTER_BOUND('',#291,.T.);
#200=FACE_OUTER_BOUND('',#292,.T.);
#201=FACE_OUTER_BOUND('',#294,.T.);
#202=FACE_OUTER_BOUND('',#295,.T.);
#203=FACE_OUTER_BOUND('',#296,.T.);
#204=FACE_OUTER_BOUND('',#297,.T.);
#205=FACE_OUTER_BOUND('',#298,.T.);
#206=FACE_OUTER_BOUND('',#299,.T.);
#207=FACE_OUTER_BOUND('',#301,.T.);
#208=FACE_OUTER_BOUND('',#303,.T.);
#209=FACE_OUTER_BOUND('',#304,.T.);
#210=FACE_OUTER_BOUND('',#305,.T.);
#211=FACE_OUTER_BOUND('',#306,.T.);
#212=FACE_OUTER_BOUND('',#307,.T.);
#213=FACE_OUTER_BOUND('',#309,.T.);
#214=FACE_OUTER_BOUND('',#310,.T.);
#215=FACE_OUTER_BOUND('',#311,.T.);
#216=FACE_OUTER_BOUND('',#312,.T.);
#217=FACE_OUTER_BOUND('',#313,.T.);
#218=FACE_OUTER_BOUND('',#314,.T.);
#219=FACE_OUTER_BOUND('',#316,.T.);
#220=FACE_OUTER_BOUND('',#317,.T.);
#221=FACE_OUTER_BOUND('',#319,.T.);
#222=FACE_OUTER_BOUND('',#320,.T.);
#223=FACE_OUTER_BOUND('',#321,.T.);
#224=FACE_OUTER_BOUND('',#322,.T.);
#225=FACE_OUTER_BOUND('',#324,.T.);
#226=FACE_OUTER_BOUND('',#325,.T.);
#227=EDGE_LOOP('',(#1103,#1104,#1105,#1106));
#228=EDGE_LOOP('',(#1107,#1108,#1109,#1110));
#229=EDGE_LOOP('',(#1111,#1112,#1113,#1114));
#230=EDGE_LOOP('',(#1115,#1116,#1117,#1118));
#231=EDGE_LOOP('',(#1119,#1120,#1121,#1122));
#232=EDGE_LOOP('',(#1123,#1124,#1125,#1126));
#233=EDGE_LOOP('',(#1127,#1128,#1129,#1130));
#234=EDGE_LOOP('',(#1131,#1132,#1133,#1134));
#235=EDGE_LOOP('',(#1135,#1136,#1137,#1138));
#236=EDGE_LOOP('',(#1139,#1140,#1141,#1142,#1143,#1144,#1145,#1146,#1147));
#237=EDGE_LOOP('',(#1148,#1149,#1150,#1151,#1152,#1153,#1154,#1155,#1156));
#238=EDGE_LOOP('',(#1157,#1158,#1159,#1160));
#239=EDGE_LOOP('',(#1161,#1162,#1163,#1164,#1165,#1166,#1167,#1168));
#240=EDGE_LOOP('',(#1169,#1170,#1171,#1172,#1173,#1174,#1175,#1176));
#241=EDGE_LOOP('',(#1177,#1178,#1179,#1180));
#242=EDGE_LOOP('',(#1181,#1182,#1183,#1184,#1185,#1186,#1187,#1188,#1189,
#1190,#1191));
#243=EDGE_LOOP('',(#1192,#1193,#1194,#1195,#1196,#1197,#1198,#1199));
#244=EDGE_LOOP('',(#1200,#1201,#1202,#1203));
#245=EDGE_LOOP('',(#1204,#1205,#1206,#1207));
#246=EDGE_LOOP('',(#1208,#1209,#1210,#1211,#1212));
#247=EDGE_LOOP('',(#1213,#1214,#1215,#1216,#1217));
#248=EDGE_LOOP('',(#1218,#1219,#1220,#1221,#1222,#1223,#1224,#1225,#1226));
#249=EDGE_LOOP('',(#1227,#1228,#1229,#1230,#1231,#1232,#1233,#1234,#1235));
#250=EDGE_LOOP('',(#1236,#1237,#1238,#1239,#1240,#1241));
#251=EDGE_LOOP('',(#1242,#1243,#1244,#1245));
#252=EDGE_LOOP('',(#1246,#1247,#1248,#1249));
#253=EDGE_LOOP('',(#1250,#1251,#1252,#1253));
#254=EDGE_LOOP('',(#1254,#1255,#1256,#1257));
#255=EDGE_LOOP('',(#1258,#1259,#1260,#1261));
#256=EDGE_LOOP('',(#1262,#1263,#1264,#1265));
#257=EDGE_LOOP('',(#1266,#1267,#1268,#1269));
#258=EDGE_LOOP('',(#1270,#1271,#1272,#1273));
#259=EDGE_LOOP('',(#1274,#1275,#1276,#1277));
#260=EDGE_LOOP('',(#1278,#1279,#1280,#1281));
#261=EDGE_LOOP('',(#1282,#1283,#1284,#1285));
#262=EDGE_LOOP('',(#1286,#1287,#1288,#1289));
#263=EDGE_LOOP('',(#1290,#1291,#1292,#1293));
#264=EDGE_LOOP('',(#1294,#1295,#1296,#1297));
#265=EDGE_LOOP('',(#1298,#1299,#1300,#1301));
#266=EDGE_LOOP('',(#1302,#1303,#1304,#1305));
#267=EDGE_LOOP('',(#1306,#1307,#1308,#1309));
#268=EDGE_LOOP('',(#1310,#1311,#1312,#1313));
#269=EDGE_LOOP('',(#1314,#1315,#1316,#1317));
#270=EDGE_LOOP('',(#1318,#1319,#1320,#1321,#1322,#1323,#1324,#1325,#1326,
#1327));
#271=EDGE_LOOP('',(#1328,#1329,#1330,#1331));
#272=EDGE_LOOP('',(#1332,#1333,#1334,#1335));
#273=EDGE_LOOP('',(#1336,#1337,#1338,#1339,#1340,#1341,#1342,#1343));
#274=EDGE_LOOP('',(#1344,#1345,#1346,#1347));
#275=EDGE_LOOP('',(#1348,#1349,#1350,#1351));
#276=EDGE_LOOP('',(#1352,#1353,#1354,#1355));
#277=EDGE_LOOP('',(#1356,#1357,#1358,#1359));
#278=EDGE_LOOP('',(#1360,#1361,#1362,#1363));
#279=EDGE_LOOP('',(#1364,#1365,#1366,#1367));
#280=EDGE_LOOP('',(#1368,#1369,#1370,#1371,#1372,#1373,#1374,#1375,#1376,
#1377,#1378,#1379,#1380,#1381,#1382,#1383,#1384,#1385,#1386,#1387,#1388,
#1389,#1390,#1391,#1392));
#281=EDGE_LOOP('',(#1393));
#282=EDGE_LOOP('',(#1394));
#283=EDGE_LOOP('',(#1395));
#284=EDGE_LOOP('',(#1396,#1397,#1398,#1399));
#285=EDGE_LOOP('',(#1400,#1401,#1402,#1403));
#286=EDGE_LOOP('',(#1404,#1405,#1406,#1407));
#287=EDGE_LOOP('',(#1408,#1409,#1410,#1411,#1412,#1413));
#288=EDGE_LOOP('',(#1414));
#289=EDGE_LOOP('',(#1415,#1416,#1417,#1418));
#290=EDGE_LOOP('',(#1419,#1420,#1421,#1422));
#291=EDGE_LOOP('',(#1423,#1424,#1425,#1426));
#292=EDGE_LOOP('',(#1427,#1428,#1429,#1430,#1431,#1432));
#293=EDGE_LOOP('',(#1433));
#294=EDGE_LOOP('',(#1434,#1435,#1436,#1437,#1438,#1439,#1440,#1441));
#295=EDGE_LOOP('',(#1442,#1443,#1444,#1445));
#296=EDGE_LOOP('',(#1446,#1447,#1448,#1449));
#297=EDGE_LOOP('',(#1450,#1451,#1452,#1453));
#298=EDGE_LOOP('',(#1454,#1455,#1456,#1457));
#299=EDGE_LOOP('',(#1458,#1459,#1460,#1461,#1462,#1463));
#300=EDGE_LOOP('',(#1464));
#301=EDGE_LOOP('',(#1465,#1466,#1467,#1468,#1469,#1470,#1471,#1472,#1473,
#1474,#1475,#1476,#1477,#1478,#1479));
#302=EDGE_LOOP('',(#1480));
#303=EDGE_LOOP('',(#1481,#1482,#1483,#1484));
#304=EDGE_LOOP('',(#1485,#1486,#1487,#1488));
#305=EDGE_LOOP('',(#1489,#1490,#1491,#1492));
#306=EDGE_LOOP('',(#1493,#1494,#1495,#1496));
#307=EDGE_LOOP('',(#1497,#1498,#1499,#1500,#1501,#1502));
#308=EDGE_LOOP('',(#1503));
#309=EDGE_LOOP('',(#1504,#1505,#1506,#1507,#1508,#1509,#1510,#1511));
#310=EDGE_LOOP('',(#1512,#1513,#1514,#1515));
#311=EDGE_LOOP('',(#1516,#1517,#1518,#1519));
#312=EDGE_LOOP('',(#1520,#1521,#1522,#1523));
#313=EDGE_LOOP('',(#1524,#1525,#1526,#1527));
#314=EDGE_LOOP('',(#1528,#1529,#1530,#1531,#1532,#1533));
#315=EDGE_LOOP('',(#1534,#1535,#1536,#1537,#1538,#1539,#1540,#1541));
#316=EDGE_LOOP('',(#1542,#1543,#1544,#1545));
#317=EDGE_LOOP('',(#1546,#1547,#1548,#1549));
#318=EDGE_LOOP('',(#1550,#1551,#1552,#1553,#1554,#1555,#1556,#1557));
#319=EDGE_LOOP('',(#1558,#1559,#1560,#1561));
#320=EDGE_LOOP('',(#1562,#1563,#1564,#1565));
#321=EDGE_LOOP('',(#1566,#1567,#1568,#1569));
#322=EDGE_LOOP('',(#1570,#1571,#1572,#1573,#1574,#1575));
#323=EDGE_LOOP('',(#1576));
#324=EDGE_LOOP('',(#1577,#1578,#1579,#1580));
#325=EDGE_LOOP('',(#1581,#1582,#1583,#1584,#1585,#1586,#1587,#1588));
#326=EDGE_LOOP('',(#1589));
#327=EDGE_LOOP('',(#1590));
#328=EDGE_LOOP('',(#1591));
#329=EDGE_LOOP('',(#1592));
#330=EDGE_LOOP('',(#1593));
#331=EDGE_LOOP('',(#1594));
#332=EDGE_LOOP('',(#1595));
#333=EDGE_LOOP('',(#1596));
#334=LINE('',#2394,#513);
#335=LINE('',#2396,#514);
#336=LINE('',#2398,#515);
#337=LINE('',#2399,#516);
#338=LINE('',#2404,#517);
#339=LINE('',#2408,#518);
#340=LINE('',#2410,#519);
#341=LINE('',#2411,#520);
#342=LINE('',#2416,#521);
#343=LINE('',#2420,#522);
#344=LINE('',#2422,#523);
#345=LINE('',#2423,#524);
#346=LINE('',#2428,#525);
#347=LINE('',#2432,#526);
#348=LINE('',#2434,#527);
#349=LINE('',#2435,#528);
#350=LINE('',#2438,#529);
#351=LINE('',#2440,#530);
#352=LINE('',#2441,#531);
#353=LINE('',#2443,#532);
#354=LINE('',#2444,#533);
#355=LINE('',#2450,#534);
#356=LINE('',#2452,#535);
#357=LINE('',#2454,#536);
#358=LINE('',#2456,#537);
#359=LINE('',#2460,#538);
#360=LINE('',#2463,#539);
#361=LINE('',#2466,#540);
#362=LINE('',#2469,#541);
#363=LINE('',#2472,#542);
#364=LINE('',#2474,#543);
#365=LINE('',#2476,#544);
#366=LINE('',#2478,#545);
#367=LINE('',#2480,#546);
#368=LINE('',#2481,#547);
#369=LINE('',#2484,#548);
#370=LINE('',#2488,#549);
#371=LINE('',#2492,#550);
#372=LINE('',#2496,#551);
#373=LINE('',#2500,#552);
#374=LINE('',#2504,#553);
#375=LINE('',#2506,#554);
#376=LINE('',#2508,#555);
#377=LINE('',#2510,#556);
#378=LINE('',#2512,#557);
#379=LINE('',#2514,#558);
#380=LINE('',#2516,#559);
#381=LINE('',#2518,#560);
#382=LINE('',#2519,#561);
#383=LINE('',#2522,#562);
#384=LINE('',#2526,#563);
#385=LINE('',#2530,#564);
#386=LINE('',#2534,#565);
#387=LINE('',#2538,#566);
#388=LINE('',#2539,#567);
#389=LINE('',#2542,#568);
#390=LINE('',#2543,#569);
#391=LINE('',#2546,#570);
#392=LINE('',#2548,#571);
#393=LINE('',#2550,#572);
#394=LINE('',#2552,#573);
#395=LINE('',#2553,#574);
#396=LINE('',#2556,#575);
#397=LINE('',#2558,#576);
#398=LINE('',#2560,#577);
#399=LINE('',#2561,#578);
#400=LINE('',#2564,#579);
#401=LINE('',#2568,#580);
#402=LINE('',#2572,#581);
#403=LINE('',#2575,#582);
#404=LINE('',#2577,#583);
#405=LINE('',#2581,#584);
#406=LINE('',#2582,#585);
#407=LINE('',#2583,#586);
#408=LINE('',#2587,#587);
#409=LINE('',#2590,#588);
#410=LINE('',#2591,#589);
#411=LINE('',#2595,#590);
#412=LINE('',#2598,#591);
#413=LINE('',#2599,#592);
#414=LINE('',#2603,#593);
#415=LINE('',#2606,#594);
#416=LINE('',#2607,#595);
#417=LINE('',#2613,#596);
#418=LINE('',#2614,#597);
#419=LINE('',#2615,#598);
#420=LINE('',#2619,#599);
#421=LINE('',#2622,#600);
#422=LINE('',#2623,#601);
#423=LINE('',#2627,#602);
#424=LINE('',#2630,#603);
#425=LINE('',#2631,#604);
#426=LINE('',#2635,#605);
#427=LINE('',#2638,#606);
#428=LINE('',#2639,#607);
#429=LINE('',#2646,#608);
#430=LINE('',#2652,#609);
#431=LINE('',#2658,#610);
#432=LINE('',#2667,#611);
#433=LINE('',#2669,#612);
#434=LINE('',#2671,#613);
#435=LINE('',#2675,#614);
#436=LINE('',#2677,#615);
#437=LINE('',#2679,#616);
#438=LINE('',#2680,#617);
#439=LINE('',#2683,#618);
#440=LINE('',#2685,#619);
#441=LINE('',#2686,#620);
#442=LINE('',#2691,#621);
#443=LINE('',#2697,#622);
#444=LINE('',#2699,#623);
#445=LINE('',#2704,#624);
#446=LINE('',#2705,#625);
#447=LINE('',#2708,#626);
#448=LINE('',#2709,#627);
#449=LINE('',#2712,#628);
#450=LINE('',#2713,#629);
#451=LINE('',#2716,#630);
#452=LINE('',#2717,#631);
#453=LINE('',#2720,#632);
#454=LINE('',#2721,#633);
#455=LINE('',#2723,#634);
#456=LINE('',#2726,#635);
#457=LINE('',#2728,#636);
#458=LINE('',#2732,#637);
#459=LINE('',#2734,#638);
#460=LINE('',#2736,#639);
#461=LINE('',#2739,#640);
#462=LINE('',#2741,#641);
#463=LINE('',#2744,#642);
#464=LINE('',#2746,#643);
#465=LINE('',#2750,#644);
#466=LINE('',#2751,#645);
#467=LINE('',#2754,#646);
#468=LINE('',#2755,#647);
#469=LINE('',#2758,#648);
#470=LINE('',#2761,#649);
#471=LINE('',#2767,#650);
#472=LINE('',#2769,#651);
#473=LINE('',#2770,#652);
#474=LINE('',#2773,#653);
#475=LINE('',#2777,#654);
#476=LINE('',#2778,#655);
#477=LINE('',#2783,#656);
#478=LINE('',#2784,#657);
#479=LINE('',#2789,#658);
#480=LINE('',#2790,#659);
#481=LINE('',#2791,#660);
#482=LINE('',#2793,#661);
#483=LINE('',#2796,#662);
#484=LINE('',#2798,#663);
#485=LINE('',#2799,#664);
#486=LINE('',#2802,#665);
#487=LINE('',#2805,#666);
#488=LINE('',#2809,#667);
#489=LINE('',#2814,#668);
#490=LINE('',#2815,#669);
#491=LINE('',#2820,#670);
#492=LINE('',#2823,#671);
#493=LINE('',#2825,#672);
#494=LINE('',#2827,#673);
#495=LINE('',#2833,#674);
#496=LINE('',#2836,#675);
#497=LINE('',#2839,#676);
#498=LINE('',#2843,#677);
#499=LINE('',#2847,#678);
#500=LINE('',#2851,#679);
#501=LINE('',#2856,#680);
#502=LINE('',#2857,#681);
#503=LINE('',#2858,#682);
#504=LINE('',#2862,#683);
#505=LINE('',#2865,#684);
#506=LINE('',#2866,#685);
#507=LINE('',#2870,#686);
#508=LINE('',#2873,#687);
#509=LINE('',#2874,#688);
#510=LINE('',#2878,#689);
#511=LINE('',#2881,#690);
#512=LINE('',#2882,#691);
#513=VECTOR('',#1906,10.);
#514=VECTOR('',#1907,10.);
#515=VECTOR('',#1908,10.);
#516=VECTOR('',#1909,10.);
#517=VECTOR('',#1914,10.);
#518=VECTOR('',#1919,10.);
#519=VECTOR('',#1920,10.);
#520=VECTOR('',#1921,10.);
#521=VECTOR('',#1926,10.);
#522=VECTOR('',#1931,10.);
#523=VECTOR('',#1932,10.);
#524=VECTOR('',#1933,10.);
#525=VECTOR('',#1938,10.);
#526=VECTOR('',#1943,10.);
#527=VECTOR('',#1944,10.);
#528=VECTOR('',#1945,10.);
#529=VECTOR('',#1948,10.);
#530=VECTOR('',#1949,10.);
#531=VECTOR('',#1950,10.);
#532=VECTOR('',#1953,10.);
#533=VECTOR('',#1954,10.);
#534=VECTOR('',#1959,10.);
#535=VECTOR('',#1960,10.);
#536=VECTOR('',#1961,10.);
#537=VECTOR('',#1962,10.);
#538=VECTOR('',#1965,10.);
#539=VECTOR('',#1968,10.);
#540=VECTOR('',#1971,10.);
#541=VECTOR('',#1974,10.);
#542=VECTOR('',#1977,10.);
#543=VECTOR('',#1978,10.);
#544=VECTOR('',#1979,10.);
#545=VECTOR('',#1980,10.);
#546=VECTOR('',#1981,10.);
#547=VECTOR('',#1982,10.);
#548=VECTOR('',#1983,10.);
#549=VECTOR('',#1986,10.);
#550=VECTOR('',#1989,10.);
#551=VECTOR('',#1992,10.);
#552=VECTOR('',#1997,10.);
#553=VECTOR('',#2002,10.);
#554=VECTOR('',#2003,10.);
#555=VECTOR('',#2004,10.);
#556=VECTOR('',#2005,10.);
#557=VECTOR('',#2006,10.);
#558=VECTOR('',#2007,10.);
#559=VECTOR('',#2008,10.);
#560=VECTOR('',#2009,10.);
#561=VECTOR('',#2010,10.);
#562=VECTOR('',#2011,10.);
#563=VECTOR('',#2014,10.);
#564=VECTOR('',#2017,10.);
#565=VECTOR('',#2020,10.);
#566=VECTOR('',#2025,10.);
#567=VECTOR('',#2026,10.);
#568=VECTOR('',#2029,10.);
#569=VECTOR('',#2030,10.);
#570=VECTOR('',#2033,10.);
#571=VECTOR('',#2034,10.);
#572=VECTOR('',#2035,10.);
#573=VECTOR('',#2036,10.);
#574=VECTOR('',#2037,10.);
#575=VECTOR('',#2040,10.);
#576=VECTOR('',#2041,10.);
#577=VECTOR('',#2042,10.);
#578=VECTOR('',#2043,10.);
#579=VECTOR('',#2046,10.);
#580=VECTOR('',#2049,10.);
#581=VECTOR('',#2052,10.);
#582=VECTOR('',#2055,10.);
#583=VECTOR('',#2058,10.);
#584=VECTOR('',#2061,10.);
#585=VECTOR('',#2062,10.);
#586=VECTOR('',#2063,10.);
#587=VECTOR('',#2068,10.);
#588=VECTOR('',#2071,10.);
#589=VECTOR('',#2072,10.);
#590=VECTOR('',#2077,10.);
#591=VECTOR('',#2080,10.);
#592=VECTOR('',#2081,10.);
#593=VECTOR('',#2086,10.);
#594=VECTOR('',#2089,10.);
#595=VECTOR('',#2090,10.);
#596=VECTOR('',#2097,10.);
#597=VECTOR('',#2098,10.);
#598=VECTOR('',#2099,10.);
#599=VECTOR('',#2104,10.);
#600=VECTOR('',#2107,10.);
#601=VECTOR('',#2108,10.);
#602=VECTOR('',#2113,10.);
#603=VECTOR('',#2116,10.);
#604=VECTOR('',#2117,10.);
#605=VECTOR('',#2122,10.);
#606=VECTOR('',#2125,10.);
#607=VECTOR('',#2126,10.);
#608=VECTOR('',#2135,1.25);
#609=VECTOR('',#2142,1.25);
#610=VECTOR('',#2149,2.5);
#611=VECTOR('',#2158,10.);
#612=VECTOR('',#2159,10.);
#613=VECTOR('',#2160,10.);
#614=VECTOR('',#2163,10.);
#615=VECTOR('',#2164,10.);
#616=VECTOR('',#2165,10.);
#617=VECTOR('',#2166,10.);
#618=VECTOR('',#2169,10.);
#619=VECTOR('',#2170,10.);
#620=VECTOR('',#2171,10.);
#621=VECTOR('',#2176,1.5);
#622=VECTOR('',#2183,1.5);
#623=VECTOR('',#2186,10.);
#624=VECTOR('',#2191,10.);
#625=VECTOR('',#2192,10.);
#626=VECTOR('',#2195,10.);
#627=VECTOR('',#2196,10.);
#628=VECTOR('',#2199,10.);
#629=VECTOR('',#2200,10.);
#630=VECTOR('',#2203,10.);
#631=VECTOR('',#2204,10.);
#632=VECTOR('',#2207,10.);
#633=VECTOR('',#2208,10.);
#634=VECTOR('',#2211,10.);
#635=VECTOR('',#2214,10.);
#636=VECTOR('',#2215,10.);
#637=VECTOR('',#2218,10.);
#638=VECTOR('',#2219,10.);
#639=VECTOR('',#2220,10.);
#640=VECTOR('',#2223,10.);
#641=VECTOR('',#2224,10.);
#642=VECTOR('',#2227,10.);
#643=VECTOR('',#2228,10.);
#644=VECTOR('',#2231,10.);
#645=VECTOR('',#2232,10.);
#646=VECTOR('',#2235,10.);
#647=VECTOR('',#2236,10.);
#648=VECTOR('',#2239,10.);
#649=VECTOR('',#2244,10.);
#650=VECTOR('',#2251,10.);
#651=VECTOR('',#2252,10.);
#652=VECTOR('',#2253,10.);
#653=VECTOR('',#2256,10.);
#654=VECTOR('',#2261,10.);
#655=VECTOR('',#2262,10.);
#656=VECTOR('',#2267,10.);
#657=VECTOR('',#2268,10.);
#658=VECTOR('',#2273,10.);
#659=VECTOR('',#2274,10.);
#660=VECTOR('',#2275,10.);
#661=VECTOR('',#2278,10.);
#662=VECTOR('',#2281,10.);
#663=VECTOR('',#2282,10.);
#664=VECTOR('',#2283,10.);
#665=VECTOR('',#2286,10.);
#666=VECTOR('',#2291,10.);
#667=VECTOR('',#2296,10.);
#668=VECTOR('',#2301,10.);
#669=VECTOR('',#2302,10.);
#670=VECTOR('',#2309,10.);
#671=VECTOR('',#2312,10.);
#672=VECTOR('',#2315,10.);
#673=VECTOR('',#2318,10.);
#674=VECTOR('',#2325,10.);
#675=VECTOR('',#2328,10.);
#676=VECTOR('',#2331,1.59999999999999);
#677=VECTOR('',#2336,1.59999999999998);
#678=VECTOR('',#2341,1.59999999999999);
#679=VECTOR('',#2346,1.59999999999998);
#680=VECTOR('',#2351,10.);
#681=VECTOR('',#2352,10.);
#682=VECTOR('',#2353,10.);
#683=VECTOR('',#2358,10.);
#684=VECTOR('',#2361,10.);
#685=VECTOR('',#2362,10.);
#686=VECTOR('',#2367,10.);
#687=VECTOR('',#2370,10.);
#688=VECTOR('',#2371,10.);
#689=VECTOR('',#2376,10.);
#690=VECTOR('',#2379,10.);
#691=VECTOR('',#2380,10.);
#692=VERTEX_POINT('',#2392);
#693=VERTEX_POINT('',#2393);
#694=VERTEX_POINT('',#2395);
#695=VERTEX_POINT('',#2397);
#696=VERTEX_POINT('',#2401);
#697=VERTEX_POINT('',#2403);
#698=VERTEX_POINT('',#2407);
#699=VERTEX_POINT('',#2409);
#700=VERTEX_POINT('',#2413);
#701=VERTEX_POINT('',#2415);
#702=VERTEX_POINT('',#2419);
#703=VERTEX_POINT('',#2421);
#704=VERTEX_POINT('',#2425);
#705=VERTEX_POINT('',#2427);
#706=VERTEX_POINT('',#2431);
#707=VERTEX_POINT('',#2433);
#708=VERTEX_POINT('',#2437);
#709=VERTEX_POINT('',#2439);
#710=VERTEX_POINT('',#2446);
#711=VERTEX_POINT('',#2447);
#712=VERTEX_POINT('',#2449);
#713=VERTEX_POINT('',#2451);
#714=VERTEX_POINT('',#2453);
#715=VERTEX_POINT('',#2455);
#716=VERTEX_POINT('',#2457);
#717=VERTEX_POINT('',#2459);
#718=VERTEX_POINT('',#2461);
#719=VERTEX_POINT('',#2465);
#720=VERTEX_POINT('',#2467);
#721=VERTEX_POINT('',#2471);
#722=VERTEX_POINT('',#2473);
#723=VERTEX_POINT('',#2475);
#724=VERTEX_POINT('',#2477);
#725=VERTEX_POINT('',#2479);
#726=VERTEX_POINT('',#2482);
#727=VERTEX_POINT('',#2483);
#728=VERTEX_POINT('',#2485);
#729=VERTEX_POINT('',#2487);
#730=VERTEX_POINT('',#2489);
#731=VERTEX_POINT('',#2491);
#732=VERTEX_POINT('',#2493);
#733=VERTEX_POINT('',#2495);
#734=VERTEX_POINT('',#2499);
#735=VERTEX_POINT('',#2503);
#736=VERTEX_POINT('',#2505);
#737=VERTEX_POINT('',#2507);
#738=VERTEX_POINT('',#2509);
#739=VERTEX_POINT('',#2511);
#740=VERTEX_POINT('',#2513);
#741=VERTEX_POINT('',#2515);
#742=VERTEX_POINT('',#2517);
#743=VERTEX_POINT('',#2520);
#744=VERTEX_POINT('',#2521);
#745=VERTEX_POINT('',#2523);
#746=VERTEX_POINT('',#2525);
#747=VERTEX_POINT('',#2527);
#748=VERTEX_POINT('',#2529);
#749=VERTEX_POINT('',#2531);
#750=VERTEX_POINT('',#2533);
#751=VERTEX_POINT('',#2537);
#752=VERTEX_POINT('',#2541);
#753=VERTEX_POINT('',#2545);
#754=VERTEX_POINT('',#2547);
#755=VERTEX_POINT('',#2549);
#756=VERTEX_POINT('',#2551);
#757=VERTEX_POINT('',#2555);
#758=VERTEX_POINT('',#2557);
#759=VERTEX_POINT('',#2559);
#760=VERTEX_POINT('',#2563);
#761=VERTEX_POINT('',#2565);
#762=VERTEX_POINT('',#2567);
#763=VERTEX_POINT('',#2569);
#764=VERTEX_POINT('',#2571);
#765=VERTEX_POINT('',#2573);
#766=VERTEX_POINT('',#2579);
#767=VERTEX_POINT('',#2580);
#768=VERTEX_POINT('',#2585);
#769=VERTEX_POINT('',#2589);
#770=VERTEX_POINT('',#2593);
#771=VERTEX_POINT('',#2597);
#772=VERTEX_POINT('',#2601);
#773=VERTEX_POINT('',#2605);
#774=VERTEX_POINT('',#2611);
#775=VERTEX_POINT('',#2612);
#776=VERTEX_POINT('',#2617);
#777=VERTEX_POINT('',#2621);
#778=VERTEX_POINT('',#2625);
#779=VERTEX_POINT('',#2629);
#780=VERTEX_POINT('',#2633);
#781=VERTEX_POINT('',#2637);
#782=VERTEX_POINT('',#2643);
#783=VERTEX_POINT('',#2645);
#784=VERTEX_POINT('',#2649);
#785=VERTEX_POINT('',#2651);
#786=VERTEX_POINT('',#2655);
#787=VERTEX_POINT('',#2657);
#788=VERTEX_POINT('',#2661);
#789=VERTEX_POINT('',#2662);
#790=VERTEX_POINT('',#2664);
#791=VERTEX_POINT('',#2666);
#792=VERTEX_POINT('',#2668);
#793=VERTEX_POINT('',#2670);
#794=VERTEX_POINT('',#2672);
#795=VERTEX_POINT('',#2674);
#796=VERTEX_POINT('',#2676);
#797=VERTEX_POINT('',#2678);
#798=VERTEX_POINT('',#2682);
#799=VERTEX_POINT('',#2684);
#800=VERTEX_POINT('',#2688);
#801=VERTEX_POINT('',#2690);
#802=VERTEX_POINT('',#2694);
#803=VERTEX_POINT('',#2696);
#804=VERTEX_POINT('',#2701);
#805=VERTEX_POINT('',#2702);
#806=VERTEX_POINT('',#2707);
#807=VERTEX_POINT('',#2711);
#808=VERTEX_POINT('',#2715);
#809=VERTEX_POINT('',#2719);
#810=VERTEX_POINT('',#2725);
#811=VERTEX_POINT('',#2727);
#812=VERTEX_POINT('',#2729);
#813=VERTEX_POINT('',#2731);
#814=VERTEX_POINT('',#2733);
#815=VERTEX_POINT('',#2735);
#816=VERTEX_POINT('',#2737);
#817=VERTEX_POINT('',#2740);
#818=VERTEX_POINT('',#2742);
#819=VERTEX_POINT('',#2745);
#820=VERTEX_POINT('',#2747);
#821=VERTEX_POINT('',#2749);
#822=VERTEX_POINT('',#2753);
#823=VERTEX_POINT('',#2757);
#824=VERTEX_POINT('',#2763);
#825=VERTEX_POINT('',#2766);
#826=VERTEX_POINT('',#2768);
#827=VERTEX_POINT('',#2772);
#828=VERTEX_POINT('',#2776);
#829=VERTEX_POINT('',#2780);
#830=VERTEX_POINT('',#2781);
#831=VERTEX_POINT('',#2785);
#832=VERTEX_POINT('',#2788);
#833=VERTEX_POINT('',#2795);
#834=VERTEX_POINT('',#2797);
#835=VERTEX_POINT('',#2801);
#836=VERTEX_POINT('',#2807);
#837=VERTEX_POINT('',#2810);
#838=VERTEX_POINT('',#2813);
#839=VERTEX_POINT('',#2819);
#840=VERTEX_POINT('',#2821);
#841=VERTEX_POINT('',#2829);
#842=VERTEX_POINT('',#2832);
#843=VERTEX_POINT('',#2834);
#844=VERTEX_POINT('',#2838);
#845=VERTEX_POINT('',#2842);
#846=VERTEX_POINT('',#2846);
#847=VERTEX_POINT('',#2850);
#848=VERTEX_POINT('',#2854);
#849=VERTEX_POINT('',#2855);
#850=VERTEX_POINT('',#2860);
#851=VERTEX_POINT('',#2864);
#852=VERTEX_POINT('',#2868);
#853=VERTEX_POINT('',#2872);
#854=VERTEX_POINT('',#2876);
#855=VERTEX_POINT('',#2880);
#856=EDGE_CURVE('',#692,#693,#334,.T.);
#857=EDGE_CURVE('',#692,#694,#335,.T.);
#858=EDGE_CURVE('',#694,#695,#336,.T.);
#859=EDGE_CURVE('',#693,#695,#337,.T.);
#860=EDGE_CURVE('',#696,#692,#42,.T.);
#861=EDGE_CURVE('',#696,#697,#338,.T.);
#862=EDGE_CURVE('',#697,#694,#43,.T.);
#863=EDGE_CURVE('',#698,#696,#339,.T.);
#864=EDGE_CURVE('',#698,#699,#340,.T.);
#865=EDGE_CURVE('',#699,#697,#341,.T.);
#866=EDGE_CURVE('',#700,#698,#44,.T.);
#867=EDGE_CURVE('',#700,#701,#342,.T.);
#868=EDGE_CURVE('',#701,#699,#45,.T.);
#869=EDGE_CURVE('',#702,#700,#343,.T.);
#870=EDGE_CURVE('',#702,#703,#344,.T.);
#871=EDGE_CURVE('',#703,#701,#345,.T.);
#872=EDGE_CURVE('',#704,#702,#46,.T.);
#873=EDGE_CURVE('',#704,#705,#346,.T.);
#874=EDGE_CURVE('',#705,#703,#47,.T.);
#875=EDGE_CURVE('',#706,#704,#347,.T.);
#876=EDGE_CURVE('',#706,#707,#348,.T.);
#877=EDGE_CURVE('',#707,#705,#349,.T.);
#878=EDGE_CURVE('',#708,#706,#350,.T.);
#879=EDGE_CURVE('',#708,#709,#351,.T.);
#880=EDGE_CURVE('',#709,#707,#352,.T.);
#881=EDGE_CURVE('',#693,#708,#353,.T.);
#882=EDGE_CURVE('',#695,#709,#354,.T.);
#883=EDGE_CURVE('',#710,#711,#48,.T.);
#884=EDGE_CURVE('',#712,#710,#355,.T.);
#885=EDGE_CURVE('',#713,#712,#356,.T.);
#886=EDGE_CURVE('',#714,#713,#357,.T.);
#887=EDGE_CURVE('',#715,#714,#358,.T.);
#888=EDGE_CURVE('',#716,#715,#49,.T.);
#889=EDGE_CURVE('',#717,#716,#359,.T.);
#890=EDGE_CURVE('',#718,#717,#50,.T.);
#891=EDGE_CURVE('',#711,#718,#360,.T.);
#892=EDGE_CURVE('',#719,#717,#361,.T.);
#893=EDGE_CURVE('',#719,#720,#51,.T.);
#894=EDGE_CURVE('',#720,#718,#362,.T.);
#895=EDGE_CURVE('',#721,#716,#363,.T.);
#896=EDGE_CURVE('',#721,#722,#364,.T.);
#897=EDGE_CURVE('',#722,#723,#365,.T.);
#898=EDGE_CURVE('',#724,#723,#366,.T.);
#899=EDGE_CURVE('',#724,#725,#367,.T.);
#900=EDGE_CURVE('',#725,#719,#368,.T.);
#901=EDGE_CURVE('',#726,#727,#369,.T.);
#902=EDGE_CURVE('',#727,#728,#52,.T.);
#903=EDGE_CURVE('',#728,#729,#370,.T.);
#904=EDGE_CURVE('',#729,#730,#53,.T.);
#905=EDGE_CURVE('',#730,#731,#371,.T.);
#906=EDGE_CURVE('',#731,#732,#54,.T.);
#907=EDGE_CURVE('',#732,#733,#372,.T.);
#908=EDGE_CURVE('',#733,#726,#55,.T.);
#909=EDGE_CURVE('',#734,#715,#373,.T.);
#910=EDGE_CURVE('',#734,#721,#56,.T.);
#911=EDGE_CURVE('',#735,#714,#374,.T.);
#912=EDGE_CURVE('',#736,#735,#375,.T.);
#913=EDGE_CURVE('',#737,#736,#376,.T.);
#914=EDGE_CURVE('',#738,#737,#377,.T.);
#915=EDGE_CURVE('',#738,#739,#378,.T.);
#916=EDGE_CURVE('',#739,#740,#379,.T.);
#917=EDGE_CURVE('',#741,#740,#380,.T.);
#918=EDGE_CURVE('',#741,#742,#381,.T.);
#919=EDGE_CURVE('',#742,#734,#382,.T.);
#920=EDGE_CURVE('',#743,#744,#383,.T.);
#921=EDGE_CURVE('',#744,#745,#57,.T.);
#922=EDGE_CURVE('',#745,#746,#384,.T.);
#923=EDGE_CURVE('',#746,#747,#58,.T.);
#924=EDGE_CURVE('',#747,#748,#385,.T.);
#925=EDGE_CURVE('',#748,#749,#59,.T.);
#926=EDGE_CURVE('',#749,#750,#386,.T.);
#927=EDGE_CURVE('',#750,#743,#60,.T.);
#928=EDGE_CURVE('',#751,#713,#387,.T.);
#929=EDGE_CURVE('',#751,#735,#388,.T.);
#930=EDGE_CURVE('',#752,#712,#389,.T.);
#931=EDGE_CURVE('',#752,#751,#390,.T.);
#932=EDGE_CURVE('',#753,#736,#391,.T.);
#933=EDGE_CURVE('',#753,#754,#392,.T.);
#934=EDGE_CURVE('',#755,#754,#393,.T.);
#935=EDGE_CURVE('',#756,#755,#394,.T.);
#936=EDGE_CURVE('',#736,#756,#395,.T.);
#937=EDGE_CURVE('',#753,#757,#396,.T.);
#938=EDGE_CURVE('',#758,#757,#397,.T.);
#939=EDGE_CURVE('',#758,#759,#398,.T.);
#940=EDGE_CURVE('',#754,#759,#399,.T.);
#941=EDGE_CURVE('',#759,#760,#400,.T.);
#942=EDGE_CURVE('',#760,#761,#61,.T.);
#943=EDGE_CURVE('',#761,#762,#401,.T.);
#944=EDGE_CURVE('',#762,#763,#62,.T.);
#945=EDGE_CURVE('',#763,#764,#402,.T.);
#946=EDGE_CURVE('',#764,#765,#63,.T.);
#947=EDGE_CURVE('',#765,#755,#403,.T.);
#948=EDGE_CURVE('',#752,#757,#404,.T.);
#949=EDGE_CURVE('',#766,#767,#405,.T.);
#950=EDGE_CURVE('',#766,#744,#406,.T.);
#951=EDGE_CURVE('',#767,#743,#407,.T.);
#952=EDGE_CURVE('',#768,#766,#64,.T.);
#953=EDGE_CURVE('',#768,#745,#408,.T.);
#954=EDGE_CURVE('',#769,#768,#409,.T.);
#955=EDGE_CURVE('',#769,#746,#410,.T.);
#956=EDGE_CURVE('',#770,#769,#65,.T.);
#957=EDGE_CURVE('',#770,#747,#411,.T.);
#958=EDGE_CURVE('',#771,#770,#412,.T.);
#959=EDGE_CURVE('',#771,#748,#413,.T.);
#960=EDGE_CURVE('',#772,#771,#66,.T.);
#961=EDGE_CURVE('',#772,#749,#414,.T.);
#962=EDGE_CURVE('',#773,#772,#415,.T.);
#963=EDGE_CURVE('',#773,#750,#416,.T.);
#964=EDGE_CURVE('',#767,#773,#67,.T.);
#965=EDGE_CURVE('',#774,#775,#417,.T.);
#966=EDGE_CURVE('',#774,#727,#418,.T.);
#967=EDGE_CURVE('',#775,#726,#419,.T.);
#968=EDGE_CURVE('',#776,#774,#68,.T.);
#969=EDGE_CURVE('',#776,#728,#420,.T.);
#970=EDGE_CURVE('',#777,#776,#421,.T.);
#971=EDGE_CURVE('',#777,#729,#422,.T.);
#972=EDGE_CURVE('',#778,#777,#69,.T.);
#973=EDGE_CURVE('',#778,#730,#423,.T.);
#974=EDGE_CURVE('',#779,#778,#424,.T.);
#975=EDGE_CURVE('',#779,#731,#425,.T.);
#976=EDGE_CURVE('',#780,#779,#70,.T.);
#977=EDGE_CURVE('',#780,#732,#426,.T.);
#978=EDGE_CURVE('',#781,#780,#427,.T.);
#979=EDGE_CURVE('',#781,#733,#428,.T.);
#980=EDGE_CURVE('',#775,#781,#71,.T.);
#981=EDGE_CURVE('',#782,#782,#72,.T.);
#982=EDGE_CURVE('',#782,#783,#429,.T.);
#983=EDGE_CURVE('',#783,#783,#73,.T.);
#984=EDGE_CURVE('',#784,#784,#74,.T.);
#985=EDGE_CURVE('',#784,#785,#430,.T.);
#986=EDGE_CURVE('',#785,#785,#75,.T.);
#987=EDGE_CURVE('',#786,#786,#76,.T.);
#988=EDGE_CURVE('',#786,#787,#431,.T.);
#989=EDGE_CURVE('',#787,#787,#77,.T.);
#990=EDGE_CURVE('',#788,#789,#78,.T.);
#991=EDGE_CURVE('',#789,#790,#79,.T.);
#992=EDGE_CURVE('',#790,#791,#432,.T.);
#993=EDGE_CURVE('',#792,#791,#433,.T.);
#994=EDGE_CURVE('',#792,#793,#434,.T.);
#995=EDGE_CURVE('',#793,#794,#80,.T.);
#996=EDGE_CURVE('',#794,#795,#435,.T.);
#997=EDGE_CURVE('',#795,#796,#436,.T.);
#998=EDGE_CURVE('',#796,#797,#437,.T.);
#999=EDGE_CURVE('',#797,#788,#438,.T.);
#1000=EDGE_CURVE('',#790,#798,#439,.T.);
#1001=EDGE_CURVE('',#799,#798,#440,.T.);
#1002=EDGE_CURVE('',#791,#799,#441,.T.);
#1003=EDGE_CURVE('',#800,#800,#81,.T.);
#1004=EDGE_CURVE('',#800,#801,#442,.T.);
#1005=EDGE_CURVE('',#801,#801,#82,.T.);
#1006=EDGE_CURVE('',#798,#802,#83,.T.);
#1007=EDGE_CURVE('',#789,#803,#443,.T.);
#1008=EDGE_CURVE('',#803,#803,#84,.T.);
#1009=EDGE_CURVE('',#802,#788,#444,.T.);
#1010=EDGE_CURVE('',#804,#805,#85,.T.);
#1011=EDGE_CURVE('',#804,#794,#445,.T.);
#1012=EDGE_CURVE('',#805,#793,#446,.T.);
#1013=EDGE_CURVE('',#805,#806,#447,.T.);
#1014=EDGE_CURVE('',#806,#792,#448,.T.);
#1015=EDGE_CURVE('',#807,#797,#449,.T.);
#1016=EDGE_CURVE('',#802,#807,#450,.T.);
#1017=EDGE_CURVE('',#807,#808,#451,.T.);
#1018=EDGE_CURVE('',#808,#796,#452,.T.);
#1019=EDGE_CURVE('',#808,#809,#453,.T.);
#1020=EDGE_CURVE('',#809,#795,#454,.T.);
#1021=EDGE_CURVE('',#809,#804,#455,.T.);
#1022=EDGE_CURVE('',#806,#810,#456,.T.);
#1023=EDGE_CURVE('',#810,#811,#457,.T.);
#1024=EDGE_CURVE('',#811,#812,#86,.T.);
#1025=EDGE_CURVE('',#812,#813,#458,.T.);
#1026=EDGE_CURVE('',#813,#814,#459,.T.);
#1027=EDGE_CURVE('',#814,#815,#460,.T.);
#1028=EDGE_CURVE('',#815,#816,#87,.T.);
#1029=EDGE_CURVE('',#816,#724,#461,.T.);
#1030=EDGE_CURVE('',#723,#817,#462,.T.);
#1031=EDGE_CURVE('',#817,#818,#88,.T.);
#1032=EDGE_CURVE('',#818,#741,#463,.T.);
#1033=EDGE_CURVE('',#740,#819,#464,.T.);
#1034=EDGE_CURVE('',#819,#820,#89,.T.);
#1035=EDGE_CURVE('',#820,#821,#465,.T.);
#1036=EDGE_CURVE('',#821,#799,#466,.T.);
#1037=EDGE_CURVE('',#818,#822,#467,.T.);
#1038=EDGE_CURVE('',#742,#822,#468,.T.);
#1039=EDGE_CURVE('',#817,#823,#469,.T.);
#1040=EDGE_CURVE('',#822,#823,#90,.T.);
#1041=EDGE_CURVE('',#823,#722,#470,.T.);
#1042=EDGE_CURVE('',#824,#824,#91,.T.);
#1043=EDGE_CURVE('',#812,#825,#471,.T.);
#1044=EDGE_CURVE('',#826,#825,#472,.T.);
#1045=EDGE_CURVE('',#813,#826,#473,.T.);
#1046=EDGE_CURVE('',#811,#827,#474,.T.);
#1047=EDGE_CURVE('',#825,#827,#92,.T.);
#1048=EDGE_CURVE('',#828,#810,#475,.T.);
#1049=EDGE_CURVE('',#827,#828,#476,.T.);
#1050=EDGE_CURVE('',#829,#830,#93,.T.);
#1051=EDGE_CURVE('',#826,#829,#477,.T.);
#1052=EDGE_CURVE('',#830,#828,#478,.T.);
#1053=EDGE_CURVE('',#831,#831,#94,.T.);
#1054=EDGE_CURVE('',#720,#832,#479,.T.);
#1055=EDGE_CURVE('',#832,#814,#480,.T.);
#1056=EDGE_CURVE('',#829,#711,#481,.T.);
#1057=EDGE_CURVE('',#830,#710,#482,.T.);
#1058=EDGE_CURVE('',#820,#833,#483,.T.);
#1059=EDGE_CURVE('',#834,#833,#484,.T.);
#1060=EDGE_CURVE('',#821,#834,#485,.T.);
#1061=EDGE_CURVE('',#819,#835,#486,.T.);
#1062=EDGE_CURVE('',#833,#835,#95,.T.);
#1063=EDGE_CURVE('',#835,#739,#487,.T.);
#1064=EDGE_CURVE('',#836,#738,#96,.T.);
#1065=EDGE_CURVE('',#834,#836,#488,.T.);
#1066=EDGE_CURVE('',#837,#837,#97,.T.);
#1067=EDGE_CURVE('',#836,#838,#489,.T.);
#1068=EDGE_CURVE('',#757,#838,#490,.T.);
#1069=EDGE_CURVE('',#838,#737,#98,.T.);
#1070=EDGE_CURVE('',#815,#839,#491,.T.);
#1071=EDGE_CURVE('',#840,#839,#99,.T.);
#1072=EDGE_CURVE('',#816,#840,#492,.T.);
#1073=EDGE_CURVE('',#839,#832,#493,.T.);
#1074=EDGE_CURVE('',#725,#840,#494,.T.);
#1075=EDGE_CURVE('',#841,#841,#100,.T.);
#1076=EDGE_CURVE('',#756,#842,#495,.T.);
#1077=EDGE_CURVE('',#842,#843,#101,.T.);
#1078=EDGE_CURVE('',#843,#758,#496,.T.);
#1079=EDGE_CURVE('',#824,#844,#497,.T.);
#1080=EDGE_CURVE('',#844,#844,#102,.T.);
#1081=EDGE_CURVE('',#831,#845,#498,.T.);
#1082=EDGE_CURVE('',#845,#845,#103,.T.);
#1083=EDGE_CURVE('',#837,#846,#499,.T.);
#1084=EDGE_CURVE('',#846,#846,#104,.T.);
#1085=EDGE_CURVE('',#841,#847,#500,.T.);
#1086=EDGE_CURVE('',#847,#847,#105,.T.);
#1087=EDGE_CURVE('',#848,#849,#501,.T.);
#1088=EDGE_CURVE('',#848,#842,#502,.T.);
#1089=EDGE_CURVE('',#849,#765,#503,.T.);
#1090=EDGE_CURVE('',#850,#849,#106,.T.);
#1091=EDGE_CURVE('',#850,#764,#504,.T.);
#1092=EDGE_CURVE('',#850,#851,#505,.T.);
#1093=EDGE_CURVE('',#851,#763,#506,.T.);
#1094=EDGE_CURVE('',#852,#851,#107,.T.);
#1095=EDGE_CURVE('',#852,#762,#507,.T.);
#1096=EDGE_CURVE('',#852,#853,#508,.T.);
#1097=EDGE_CURVE('',#853,#761,#509,.T.);
#1098=EDGE_CURVE('',#854,#853,#108,.T.);
#1099=EDGE_CURVE('',#854,#760,#510,.T.);
#1100=EDGE_CURVE('',#854,#855,#511,.T.);
#1101=EDGE_CURVE('',#855,#843,#512,.T.);
#1102=EDGE_CURVE('',#848,#855,#109,.T.);
#1103=ORIENTED_EDGE('',*,*,#856,.F.);
#1104=ORIENTED_EDGE('',*,*,#857,.T.);
#1105=ORIENTED_EDGE('',*,*,#858,.T.);
#1106=ORIENTED_EDGE('',*,*,#859,.F.);
#1107=ORIENTED_EDGE('',*,*,#860,.F.);
#1108=ORIENTED_EDGE('',*,*,#861,.T.);
#1109=ORIENTED_EDGE('',*,*,#862,.T.);
#1110=ORIENTED_EDGE('',*,*,#857,.F.);
#1111=ORIENTED_EDGE('',*,*,#863,.F.);
#1112=ORIENTED_EDGE('',*,*,#864,.T.);
#1113=ORIENTED_EDGE('',*,*,#865,.T.);
#1114=ORIENTED_EDGE('',*,*,#861,.F.);
#1115=ORIENTED_EDGE('',*,*,#866,.F.);
#1116=ORIENTED_EDGE('',*,*,#867,.T.);
#1117=ORIENTED_EDGE('',*,*,#868,.T.);
#1118=ORIENTED_EDGE('',*,*,#864,.F.);
#1119=ORIENTED_EDGE('',*,*,#869,.F.);
#1120=ORIENTED_EDGE('',*,*,#870,.T.);
#1121=ORIENTED_EDGE('',*,*,#871,.T.);
#1122=ORIENTED_EDGE('',*,*,#867,.F.);
#1123=ORIENTED_EDGE('',*,*,#872,.F.);
#1124=ORIENTED_EDGE('',*,*,#873,.T.);
#1125=ORIENTED_EDGE('',*,*,#874,.T.);
#1126=ORIENTED_EDGE('',*,*,#870,.F.);
#1127=ORIENTED_EDGE('',*,*,#875,.F.);
#1128=ORIENTED_EDGE('',*,*,#876,.T.);
#1129=ORIENTED_EDGE('',*,*,#877,.T.);
#1130=ORIENTED_EDGE('',*,*,#873,.F.);
#1131=ORIENTED_EDGE('',*,*,#878,.F.);
#1132=ORIENTED_EDGE('',*,*,#879,.T.);
#1133=ORIENTED_EDGE('',*,*,#880,.T.);
#1134=ORIENTED_EDGE('',*,*,#876,.F.);
#1135=ORIENTED_EDGE('',*,*,#881,.F.);
#1136=ORIENTED_EDGE('',*,*,#859,.T.);
#1137=ORIENTED_EDGE('',*,*,#882,.T.);
#1138=ORIENTED_EDGE('',*,*,#879,.F.);
#1139=ORIENTED_EDGE('',*,*,#882,.F.);
#1140=ORIENTED_EDGE('',*,*,#858,.F.);
#1141=ORIENTED_EDGE('',*,*,#862,.F.);
#1142=ORIENTED_EDGE('',*,*,#865,.F.);
#1143=ORIENTED_EDGE('',*,*,#868,.F.);
#1144=ORIENTED_EDGE('',*,*,#871,.F.);
#1145=ORIENTED_EDGE('',*,*,#874,.F.);
#1146=ORIENTED_EDGE('',*,*,#877,.F.);
#1147=ORIENTED_EDGE('',*,*,#880,.F.);
#1148=ORIENTED_EDGE('',*,*,#883,.F.);
#1149=ORIENTED_EDGE('',*,*,#884,.F.);
#1150=ORIENTED_EDGE('',*,*,#885,.F.);
#1151=ORIENTED_EDGE('',*,*,#886,.F.);
#1152=ORIENTED_EDGE('',*,*,#887,.F.);
#1153=ORIENTED_EDGE('',*,*,#888,.F.);
#1154=ORIENTED_EDGE('',*,*,#889,.F.);
#1155=ORIENTED_EDGE('',*,*,#890,.F.);
#1156=ORIENTED_EDGE('',*,*,#891,.F.);
#1157=ORIENTED_EDGE('',*,*,#890,.T.);
#1158=ORIENTED_EDGE('',*,*,#892,.F.);
#1159=ORIENTED_EDGE('',*,*,#893,.T.);
#1160=ORIENTED_EDGE('',*,*,#894,.T.);
#1161=ORIENTED_EDGE('',*,*,#889,.T.);
#1162=ORIENTED_EDGE('',*,*,#895,.F.);
#1163=ORIENTED_EDGE('',*,*,#896,.T.);
#1164=ORIENTED_EDGE('',*,*,#897,.T.);
#1165=ORIENTED_EDGE('',*,*,#898,.F.);
#1166=ORIENTED_EDGE('',*,*,#899,.T.);
#1167=ORIENTED_EDGE('',*,*,#900,.T.);
#1168=ORIENTED_EDGE('',*,*,#892,.T.);
#1169=ORIENTED_EDGE('',*,*,#901,.T.);
#1170=ORIENTED_EDGE('',*,*,#902,.T.);
#1171=ORIENTED_EDGE('',*,*,#903,.T.);
#1172=ORIENTED_EDGE('',*,*,#904,.T.);
#1173=ORIENTED_EDGE('',*,*,#905,.T.);
#1174=ORIENTED_EDGE('',*,*,#906,.T.);
#1175=ORIENTED_EDGE('',*,*,#907,.T.);
#1176=ORIENTED_EDGE('',*,*,#908,.T.);
#1177=ORIENTED_EDGE('',*,*,#888,.T.);
#1178=ORIENTED_EDGE('',*,*,#909,.F.);
#1179=ORIENTED_EDGE('',*,*,#910,.T.);
#1180=ORIENTED_EDGE('',*,*,#895,.T.);
#1181=ORIENTED_EDGE('',*,*,#887,.T.);
#1182=ORIENTED_EDGE('',*,*,#911,.F.);
#1183=ORIENTED_EDGE('',*,*,#912,.F.);
#1184=ORIENTED_EDGE('',*,*,#913,.F.);
#1185=ORIENTED_EDGE('',*,*,#914,.F.);
#1186=ORIENTED_EDGE('',*,*,#915,.T.);
#1187=ORIENTED_EDGE('',*,*,#916,.T.);
#1188=ORIENTED_EDGE('',*,*,#917,.F.);
#1189=ORIENTED_EDGE('',*,*,#918,.T.);
#1190=ORIENTED_EDGE('',*,*,#919,.T.);
#1191=ORIENTED_EDGE('',*,*,#909,.T.);
#1192=ORIENTED_EDGE('',*,*,#920,.T.);
#1193=ORIENTED_EDGE('',*,*,#921,.T.);
#1194=ORIENTED_EDGE('',*,*,#922,.T.);
#1195=ORIENTED_EDGE('',*,*,#923,.T.);
#1196=ORIENTED_EDGE('',*,*,#924,.T.);
#1197=ORIENTED_EDGE('',*,*,#925,.T.);
#1198=ORIENTED_EDGE('',*,*,#926,.T.);
#1199=ORIENTED_EDGE('',*,*,#927,.T.);
#1200=ORIENTED_EDGE('',*,*,#886,.T.);
#1201=ORIENTED_EDGE('',*,*,#928,.F.);
#1202=ORIENTED_EDGE('',*,*,#929,.T.);
#1203=ORIENTED_EDGE('',*,*,#911,.T.);
#1204=ORIENTED_EDGE('',*,*,#885,.T.);
#1205=ORIENTED_EDGE('',*,*,#930,.F.);
#1206=ORIENTED_EDGE('',*,*,#931,.T.);
#1207=ORIENTED_EDGE('',*,*,#928,.T.);
#1208=ORIENTED_EDGE('',*,*,#932,.F.);
#1209=ORIENTED_EDGE('',*,*,#933,.T.);
#1210=ORIENTED_EDGE('',*,*,#934,.F.);
#1211=ORIENTED_EDGE('',*,*,#935,.F.);
#1212=ORIENTED_EDGE('',*,*,#936,.F.);
#1213=ORIENTED_EDGE('',*,*,#937,.T.);
#1214=ORIENTED_EDGE('',*,*,#938,.F.);
#1215=ORIENTED_EDGE('',*,*,#939,.T.);
#1216=ORIENTED_EDGE('',*,*,#940,.F.);
#1217=ORIENTED_EDGE('',*,*,#933,.F.);
#1218=ORIENTED_EDGE('',*,*,#940,.T.);
#1219=ORIENTED_EDGE('',*,*,#941,.T.);
#1220=ORIENTED_EDGE('',*,*,#942,.T.);
#1221=ORIENTED_EDGE('',*,*,#943,.T.);
#1222=ORIENTED_EDGE('',*,*,#944,.T.);
#1223=ORIENTED_EDGE('',*,*,#945,.T.);
#1224=ORIENTED_EDGE('',*,*,#946,.T.);
#1225=ORIENTED_EDGE('',*,*,#947,.T.);
#1226=ORIENTED_EDGE('',*,*,#934,.T.);
#1227=ORIENTED_EDGE('',*,*,#856,.T.);
#1228=ORIENTED_EDGE('',*,*,#881,.T.);
#1229=ORIENTED_EDGE('',*,*,#878,.T.);
#1230=ORIENTED_EDGE('',*,*,#875,.T.);
#1231=ORIENTED_EDGE('',*,*,#872,.T.);
#1232=ORIENTED_EDGE('',*,*,#869,.T.);
#1233=ORIENTED_EDGE('',*,*,#866,.T.);
#1234=ORIENTED_EDGE('',*,*,#863,.T.);
#1235=ORIENTED_EDGE('',*,*,#860,.T.);
#1236=ORIENTED_EDGE('',*,*,#948,.T.);
#1237=ORIENTED_EDGE('',*,*,#937,.F.);
#1238=ORIENTED_EDGE('',*,*,#932,.T.);
#1239=ORIENTED_EDGE('',*,*,#912,.T.);
#1240=ORIENTED_EDGE('',*,*,#929,.F.);
#1241=ORIENTED_EDGE('',*,*,#931,.F.);
#1242=ORIENTED_EDGE('',*,*,#949,.F.);
#1243=ORIENTED_EDGE('',*,*,#950,.T.);
#1244=ORIENTED_EDGE('',*,*,#920,.F.);
#1245=ORIENTED_EDGE('',*,*,#951,.F.);
#1246=ORIENTED_EDGE('',*,*,#952,.F.);
#1247=ORIENTED_EDGE('',*,*,#953,.T.);
#1248=ORIENTED_EDGE('',*,*,#921,.F.);
#1249=ORIENTED_EDGE('',*,*,#950,.F.);
#1250=ORIENTED_EDGE('',*,*,#954,.F.);
#1251=ORIENTED_EDGE('',*,*,#955,.T.);
#1252=ORIENTED_EDGE('',*,*,#922,.F.);
#1253=ORIENTED_EDGE('',*,*,#953,.F.);
#1254=ORIENTED_EDGE('',*,*,#956,.F.);
#1255=ORIENTED_EDGE('',*,*,#957,.T.);
#1256=ORIENTED_EDGE('',*,*,#923,.F.);
#1257=ORIENTED_EDGE('',*,*,#955,.F.);
#1258=ORIENTED_EDGE('',*,*,#958,.F.);
#1259=ORIENTED_EDGE('',*,*,#959,.T.);
#1260=ORIENTED_EDGE('',*,*,#924,.F.);
#1261=ORIENTED_EDGE('',*,*,#957,.F.);
#1262=ORIENTED_EDGE('',*,*,#960,.F.);
#1263=ORIENTED_EDGE('',*,*,#961,.T.);
#1264=ORIENTED_EDGE('',*,*,#925,.F.);
#1265=ORIENTED_EDGE('',*,*,#959,.F.);
#1266=ORIENTED_EDGE('',*,*,#962,.F.);
#1267=ORIENTED_EDGE('',*,*,#963,.T.);
#1268=ORIENTED_EDGE('',*,*,#926,.F.);
#1269=ORIENTED_EDGE('',*,*,#961,.F.);
#1270=ORIENTED_EDGE('',*,*,#964,.F.);
#1271=ORIENTED_EDGE('',*,*,#951,.T.);
#1272=ORIENTED_EDGE('',*,*,#927,.F.);
#1273=ORIENTED_EDGE('',*,*,#963,.F.);
#1274=ORIENTED_EDGE('',*,*,#965,.F.);
#1275=ORIENTED_EDGE('',*,*,#966,.T.);
#1276=ORIENTED_EDGE('',*,*,#901,.F.);
#1277=ORIENTED_EDGE('',*,*,#967,.F.);
#1278=ORIENTED_EDGE('',*,*,#968,.F.);
#1279=ORIENTED_EDGE('',*,*,#969,.T.);
#1280=ORIENTED_EDGE('',*,*,#902,.F.);
#1281=ORIENTED_EDGE('',*,*,#966,.F.);
#1282=ORIENTED_EDGE('',*,*,#970,.F.);
#1283=ORIENTED_EDGE('',*,*,#971,.T.);
#1284=ORIENTED_EDGE('',*,*,#903,.F.);
#1285=ORIENTED_EDGE('',*,*,#969,.F.);
#1286=ORIENTED_EDGE('',*,*,#972,.F.);
#1287=ORIENTED_EDGE('',*,*,#973,.T.);
#1288=ORIENTED_EDGE('',*,*,#904,.F.);
#1289=ORIENTED_EDGE('',*,*,#971,.F.);
#1290=ORIENTED_EDGE('',*,*,#974,.F.);
#1291=ORIENTED_EDGE('',*,*,#975,.T.);
#1292=ORIENTED_EDGE('',*,*,#905,.F.);
#1293=ORIENTED_EDGE('',*,*,#973,.F.);
#1294=ORIENTED_EDGE('',*,*,#976,.F.);
#1295=ORIENTED_EDGE('',*,*,#977,.T.);
#1296=ORIENTED_EDGE('',*,*,#906,.F.);
#1297=ORIENTED_EDGE('',*,*,#975,.F.);
#1298=ORIENTED_EDGE('',*,*,#978,.F.);
#1299=ORIENTED_EDGE('',*,*,#979,.T.);
#1300=ORIENTED_EDGE('',*,*,#907,.F.);
#1301=ORIENTED_EDGE('',*,*,#977,.F.);
#1302=ORIENTED_EDGE('',*,*,#980,.F.);
#1303=ORIENTED_EDGE('',*,*,#967,.T.);
#1304=ORIENTED_EDGE('',*,*,#908,.F.);
#1305=ORIENTED_EDGE('',*,*,#979,.F.);
#1306=ORIENTED_EDGE('',*,*,#981,.F.);
#1307=ORIENTED_EDGE('',*,*,#982,.T.);
#1308=ORIENTED_EDGE('',*,*,#983,.F.);
#1309=ORIENTED_EDGE('',*,*,#982,.F.);
#1310=ORIENTED_EDGE('',*,*,#984,.F.);
#1311=ORIENTED_EDGE('',*,*,#985,.T.);
#1312=ORIENTED_EDGE('',*,*,#986,.F.);
#1313=ORIENTED_EDGE('',*,*,#985,.F.);
#1314=ORIENTED_EDGE('',*,*,#987,.F.);
#1315=ORIENTED_EDGE('',*,*,#988,.T.);
#1316=ORIENTED_EDGE('',*,*,#989,.F.);
#1317=ORIENTED_EDGE('',*,*,#988,.F.);
#1318=ORIENTED_EDGE('',*,*,#990,.T.);
#1319=ORIENTED_EDGE('',*,*,#991,.T.);
#1320=ORIENTED_EDGE('',*,*,#992,.T.);
#1321=ORIENTED_EDGE('',*,*,#993,.F.);
#1322=ORIENTED_EDGE('',*,*,#994,.T.);
#1323=ORIENTED_EDGE('',*,*,#995,.T.);
#1324=ORIENTED_EDGE('',*,*,#996,.T.);
#1325=ORIENTED_EDGE('',*,*,#997,.T.);
#1326=ORIENTED_EDGE('',*,*,#998,.T.);
#1327=ORIENTED_EDGE('',*,*,#999,.T.);
#1328=ORIENTED_EDGE('',*,*,#1000,.T.);
#1329=ORIENTED_EDGE('',*,*,#1001,.F.);
#1330=ORIENTED_EDGE('',*,*,#1002,.F.);
#1331=ORIENTED_EDGE('',*,*,#992,.F.);
#1332=ORIENTED_EDGE('',*,*,#1003,.F.);
#1333=ORIENTED_EDGE('',*,*,#1004,.T.);
#1334=ORIENTED_EDGE('',*,*,#1005,.F.);
#1335=ORIENTED_EDGE('',*,*,#1004,.F.);
#1336=ORIENTED_EDGE('',*,*,#1006,.F.);
#1337=ORIENTED_EDGE('',*,*,#1000,.F.);
#1338=ORIENTED_EDGE('',*,*,#991,.F.);
#1339=ORIENTED_EDGE('',*,*,#1007,.T.);
#1340=ORIENTED_EDGE('',*,*,#1008,.F.);
#1341=ORIENTED_EDGE('',*,*,#1007,.F.);
#1342=ORIENTED_EDGE('',*,*,#990,.F.);
#1343=ORIENTED_EDGE('',*,*,#1009,.F.);
#1344=ORIENTED_EDGE('',*,*,#1010,.F.);
#1345=ORIENTED_EDGE('',*,*,#1011,.T.);
#1346=ORIENTED_EDGE('',*,*,#995,.F.);
#1347=ORIENTED_EDGE('',*,*,#1012,.F.);
#1348=ORIENTED_EDGE('',*,*,#1013,.F.);
#1349=ORIENTED_EDGE('',*,*,#1012,.T.);
#1350=ORIENTED_EDGE('',*,*,#994,.F.);
#1351=ORIENTED_EDGE('',*,*,#1014,.F.);
#1352=ORIENTED_EDGE('',*,*,#1009,.T.);
#1353=ORIENTED_EDGE('',*,*,#999,.F.);
#1354=ORIENTED_EDGE('',*,*,#1015,.F.);
#1355=ORIENTED_EDGE('',*,*,#1016,.F.);
#1356=ORIENTED_EDGE('',*,*,#1017,.F.);
#1357=ORIENTED_EDGE('',*,*,#1015,.T.);
#1358=ORIENTED_EDGE('',*,*,#998,.F.);
#1359=ORIENTED_EDGE('',*,*,#1018,.F.);
#1360=ORIENTED_EDGE('',*,*,#1019,.F.);
#1361=ORIENTED_EDGE('',*,*,#1018,.T.);
#1362=ORIENTED_EDGE('',*,*,#997,.F.);
#1363=ORIENTED_EDGE('',*,*,#1020,.F.);
#1364=ORIENTED_EDGE('',*,*,#1021,.F.);
#1365=ORIENTED_EDGE('',*,*,#1020,.T.);
#1366=ORIENTED_EDGE('',*,*,#996,.F.);
#1367=ORIENTED_EDGE('',*,*,#1011,.F.);
#1368=ORIENTED_EDGE('',*,*,#1006,.T.);
#1369=ORIENTED_EDGE('',*,*,#1016,.T.);
#1370=ORIENTED_EDGE('',*,*,#1017,.T.);
#1371=ORIENTED_EDGE('',*,*,#1019,.T.);
#1372=ORIENTED_EDGE('',*,*,#1021,.T.);
#1373=ORIENTED_EDGE('',*,*,#1010,.T.);
#1374=ORIENTED_EDGE('',*,*,#1013,.T.);
#1375=ORIENTED_EDGE('',*,*,#1022,.T.);
#1376=ORIENTED_EDGE('',*,*,#1023,.T.);
#1377=ORIENTED_EDGE('',*,*,#1024,.T.);
#1378=ORIENTED_EDGE('',*,*,#1025,.T.);
#1379=ORIENTED_EDGE('',*,*,#1026,.T.);
#1380=ORIENTED_EDGE('',*,*,#1027,.T.);
#1381=ORIENTED_EDGE('',*,*,#1028,.T.);
#1382=ORIENTED_EDGE('',*,*,#1029,.T.);
#1383=ORIENTED_EDGE('',*,*,#898,.T.);
#1384=ORIENTED_EDGE('',*,*,#1030,.T.);
#1385=ORIENTED_EDGE('',*,*,#1031,.T.);
#1386=ORIENTED_EDGE('',*,*,#1032,.T.);
#1387=ORIENTED_EDGE('',*,*,#917,.T.);
#1388=ORIENTED_EDGE('',*,*,#1033,.T.);
#1389=ORIENTED_EDGE('',*,*,#1034,.T.);
#1390=ORIENTED_EDGE('',*,*,#1035,.T.);
#1391=ORIENTED_EDGE('',*,*,#1036,.T.);
#1392=ORIENTED_EDGE('',*,*,#1001,.T.);
#1393=ORIENTED_EDGE('',*,*,#981,.T.);
#1394=ORIENTED_EDGE('',*,*,#984,.T.);
#1395=ORIENTED_EDGE('',*,*,#1003,.T.);
#1396=ORIENTED_EDGE('',*,*,#1032,.F.);
#1397=ORIENTED_EDGE('',*,*,#1037,.T.);
#1398=ORIENTED_EDGE('',*,*,#1038,.F.);
#1399=ORIENTED_EDGE('',*,*,#918,.F.);
#1400=ORIENTED_EDGE('',*,*,#1031,.F.);
#1401=ORIENTED_EDGE('',*,*,#1039,.T.);
#1402=ORIENTED_EDGE('',*,*,#1040,.F.);
#1403=ORIENTED_EDGE('',*,*,#1037,.F.);
#1404=ORIENTED_EDGE('',*,*,#1030,.F.);
#1405=ORIENTED_EDGE('',*,*,#897,.F.);
#1406=ORIENTED_EDGE('',*,*,#1041,.F.);
#1407=ORIENTED_EDGE('',*,*,#1039,.F.);
#1408=ORIENTED_EDGE('',*,*,#910,.F.);
#1409=ORIENTED_EDGE('',*,*,#919,.F.);
#1410=ORIENTED_EDGE('',*,*,#1038,.T.);
#1411=ORIENTED_EDGE('',*,*,#1040,.T.);
#1412=ORIENTED_EDGE('',*,*,#1041,.T.);
#1413=ORIENTED_EDGE('',*,*,#896,.F.);
#1414=ORIENTED_EDGE('',*,*,#1042,.T.);
#1415=ORIENTED_EDGE('',*,*,#1025,.F.);
#1416=ORIENTED_EDGE('',*,*,#1043,.T.);
#1417=ORIENTED_EDGE('',*,*,#1044,.F.);
#1418=ORIENTED_EDGE('',*,*,#1045,.F.);
#1419=ORIENTED_EDGE('',*,*,#1024,.F.);
#1420=ORIENTED_EDGE('',*,*,#1046,.T.);
#1421=ORIENTED_EDGE('',*,*,#1047,.F.);
#1422=ORIENTED_EDGE('',*,*,#1043,.F.);
#1423=ORIENTED_EDGE('',*,*,#1023,.F.);
#1424=ORIENTED_EDGE('',*,*,#1048,.F.);
#1425=ORIENTED_EDGE('',*,*,#1049,.F.);
#1426=ORIENTED_EDGE('',*,*,#1046,.F.);
#1427=ORIENTED_EDGE('',*,*,#1050,.F.);
#1428=ORIENTED_EDGE('',*,*,#1051,.F.);
#1429=ORIENTED_EDGE('',*,*,#1044,.T.);
#1430=ORIENTED_EDGE('',*,*,#1047,.T.);
#1431=ORIENTED_EDGE('',*,*,#1049,.T.);
#1432=ORIENTED_EDGE('',*,*,#1052,.F.);
#1433=ORIENTED_EDGE('',*,*,#1053,.T.);
#1434=ORIENTED_EDGE('',*,*,#891,.T.);
#1435=ORIENTED_EDGE('',*,*,#894,.F.);
#1436=ORIENTED_EDGE('',*,*,#1054,.T.);
#1437=ORIENTED_EDGE('',*,*,#1055,.T.);
#1438=ORIENTED_EDGE('',*,*,#1026,.F.);
#1439=ORIENTED_EDGE('',*,*,#1045,.T.);
#1440=ORIENTED_EDGE('',*,*,#1051,.T.);
#1441=ORIENTED_EDGE('',*,*,#1056,.T.);
#1442=ORIENTED_EDGE('',*,*,#883,.T.);
#1443=ORIENTED_EDGE('',*,*,#1056,.F.);
#1444=ORIENTED_EDGE('',*,*,#1050,.T.);
#1445=ORIENTED_EDGE('',*,*,#1057,.T.);
#1446=ORIENTED_EDGE('',*,*,#1035,.F.);
#1447=ORIENTED_EDGE('',*,*,#1058,.T.);
#1448=ORIENTED_EDGE('',*,*,#1059,.F.);
#1449=ORIENTED_EDGE('',*,*,#1060,.F.);
#1450=ORIENTED_EDGE('',*,*,#1034,.F.);
#1451=ORIENTED_EDGE('',*,*,#1061,.T.);
#1452=ORIENTED_EDGE('',*,*,#1062,.F.);
#1453=ORIENTED_EDGE('',*,*,#1058,.F.);
#1454=ORIENTED_EDGE('',*,*,#1033,.F.);
#1455=ORIENTED_EDGE('',*,*,#916,.F.);
#1456=ORIENTED_EDGE('',*,*,#1063,.F.);
#1457=ORIENTED_EDGE('',*,*,#1061,.F.);
#1458=ORIENTED_EDGE('',*,*,#1064,.F.);
#1459=ORIENTED_EDGE('',*,*,#1065,.F.);
#1460=ORIENTED_EDGE('',*,*,#1059,.T.);
#1461=ORIENTED_EDGE('',*,*,#1062,.T.);
#1462=ORIENTED_EDGE('',*,*,#1063,.T.);
#1463=ORIENTED_EDGE('',*,*,#915,.F.);
#1464=ORIENTED_EDGE('',*,*,#1066,.T.);
#1465=ORIENTED_EDGE('',*,*,#884,.T.);
#1466=ORIENTED_EDGE('',*,*,#1057,.F.);
#1467=ORIENTED_EDGE('',*,*,#1052,.T.);
#1468=ORIENTED_EDGE('',*,*,#1048,.T.);
#1469=ORIENTED_EDGE('',*,*,#1022,.F.);
#1470=ORIENTED_EDGE('',*,*,#1014,.T.);
#1471=ORIENTED_EDGE('',*,*,#993,.T.);
#1472=ORIENTED_EDGE('',*,*,#1002,.T.);
#1473=ORIENTED_EDGE('',*,*,#1036,.F.);
#1474=ORIENTED_EDGE('',*,*,#1060,.T.);
#1475=ORIENTED_EDGE('',*,*,#1065,.T.);
#1476=ORIENTED_EDGE('',*,*,#1067,.T.);
#1477=ORIENTED_EDGE('',*,*,#1068,.F.);
#1478=ORIENTED_EDGE('',*,*,#948,.F.);
#1479=ORIENTED_EDGE('',*,*,#930,.T.);
#1480=ORIENTED_EDGE('',*,*,#989,.T.);
#1481=ORIENTED_EDGE('',*,*,#1064,.T.);
#1482=ORIENTED_EDGE('',*,*,#914,.T.);
#1483=ORIENTED_EDGE('',*,*,#1069,.F.);
#1484=ORIENTED_EDGE('',*,*,#1067,.F.);
#1485=ORIENTED_EDGE('',*,*,#1028,.F.);
#1486=ORIENTED_EDGE('',*,*,#1070,.T.);
#1487=ORIENTED_EDGE('',*,*,#1071,.F.);
#1488=ORIENTED_EDGE('',*,*,#1072,.F.);
#1489=ORIENTED_EDGE('',*,*,#1027,.F.);
#1490=ORIENTED_EDGE('',*,*,#1055,.F.);
#1491=ORIENTED_EDGE('',*,*,#1073,.F.);
#1492=ORIENTED_EDGE('',*,*,#1070,.F.);
#1493=ORIENTED_EDGE('',*,*,#1029,.F.);
#1494=ORIENTED_EDGE('',*,*,#1072,.T.);
#1495=ORIENTED_EDGE('',*,*,#1074,.F.);
#1496=ORIENTED_EDGE('',*,*,#899,.F.);
#1497=ORIENTED_EDGE('',*,*,#893,.F.);
#1498=ORIENTED_EDGE('',*,*,#900,.F.);
#1499=ORIENTED_EDGE('',*,*,#1074,.T.);
#1500=ORIENTED_EDGE('',*,*,#1071,.T.);
#1501=ORIENTED_EDGE('',*,*,#1073,.T.);
#1502=ORIENTED_EDGE('',*,*,#1054,.F.);
#1503=ORIENTED_EDGE('',*,*,#1075,.T.);
#1504=ORIENTED_EDGE('',*,*,#938,.T.);
#1505=ORIENTED_EDGE('',*,*,#1068,.T.);
#1506=ORIENTED_EDGE('',*,*,#1069,.T.);
#1507=ORIENTED_EDGE('',*,*,#913,.T.);
#1508=ORIENTED_EDGE('',*,*,#936,.T.);
#1509=ORIENTED_EDGE('',*,*,#1076,.T.);
#1510=ORIENTED_EDGE('',*,*,#1077,.T.);
#1511=ORIENTED_EDGE('',*,*,#1078,.T.);
#1512=ORIENTED_EDGE('',*,*,#1042,.F.);
#1513=ORIENTED_EDGE('',*,*,#1079,.T.);
#1514=ORIENTED_EDGE('',*,*,#1080,.T.);
#1515=ORIENTED_EDGE('',*,*,#1079,.F.);
#1516=ORIENTED_EDGE('',*,*,#1053,.F.);
#1517=ORIENTED_EDGE('',*,*,#1081,.T.);
#1518=ORIENTED_EDGE('',*,*,#1082,.T.);
#1519=ORIENTED_EDGE('',*,*,#1081,.F.);
#1520=ORIENTED_EDGE('',*,*,#1066,.F.);
#1521=ORIENTED_EDGE('',*,*,#1083,.T.);
#1522=ORIENTED_EDGE('',*,*,#1084,.T.);
#1523=ORIENTED_EDGE('',*,*,#1083,.F.);
#1524=ORIENTED_EDGE('',*,*,#1075,.F.);
#1525=ORIENTED_EDGE('',*,*,#1085,.T.);
#1526=ORIENTED_EDGE('',*,*,#1086,.T.);
#1527=ORIENTED_EDGE('',*,*,#1085,.F.);
#1528=ORIENTED_EDGE('',*,*,#1087,.F.);
#1529=ORIENTED_EDGE('',*,*,#1088,.T.);
#1530=ORIENTED_EDGE('',*,*,#1076,.F.);
#1531=ORIENTED_EDGE('',*,*,#935,.T.);
#1532=ORIENTED_EDGE('',*,*,#947,.F.);
#1533=ORIENTED_EDGE('',*,*,#1089,.F.);
#1534=ORIENTED_EDGE('',*,*,#949,.T.);
#1535=ORIENTED_EDGE('',*,*,#964,.T.);
#1536=ORIENTED_EDGE('',*,*,#962,.T.);
#1537=ORIENTED_EDGE('',*,*,#960,.T.);
#1538=ORIENTED_EDGE('',*,*,#958,.T.);
#1539=ORIENTED_EDGE('',*,*,#956,.T.);
#1540=ORIENTED_EDGE('',*,*,#954,.T.);
#1541=ORIENTED_EDGE('',*,*,#952,.T.);
#1542=ORIENTED_EDGE('',*,*,#1090,.T.);
#1543=ORIENTED_EDGE('',*,*,#1089,.T.);
#1544=ORIENTED_EDGE('',*,*,#946,.F.);
#1545=ORIENTED_EDGE('',*,*,#1091,.F.);
#1546=ORIENTED_EDGE('',*,*,#1092,.F.);
#1547=ORIENTED_EDGE('',*,*,#1091,.T.);
#1548=ORIENTED_EDGE('',*,*,#945,.F.);
#1549=ORIENTED_EDGE('',*,*,#1093,.F.);
#1550=ORIENTED_EDGE('',*,*,#965,.T.);
#1551=ORIENTED_EDGE('',*,*,#980,.T.);
#1552=ORIENTED_EDGE('',*,*,#978,.T.);
#1553=ORIENTED_EDGE('',*,*,#976,.T.);
#1554=ORIENTED_EDGE('',*,*,#974,.T.);
#1555=ORIENTED_EDGE('',*,*,#972,.T.);
#1556=ORIENTED_EDGE('',*,*,#970,.T.);
#1557=ORIENTED_EDGE('',*,*,#968,.T.);
#1558=ORIENTED_EDGE('',*,*,#1094,.T.);
#1559=ORIENTED_EDGE('',*,*,#1093,.T.);
#1560=ORIENTED_EDGE('',*,*,#944,.F.);
#1561=ORIENTED_EDGE('',*,*,#1095,.F.);
#1562=ORIENTED_EDGE('',*,*,#1096,.F.);
#1563=ORIENTED_EDGE('',*,*,#1095,.T.);
#1564=ORIENTED_EDGE('',*,*,#943,.F.);
#1565=ORIENTED_EDGE('',*,*,#1097,.F.);
#1566=ORIENTED_EDGE('',*,*,#1098,.T.);
#1567=ORIENTED_EDGE('',*,*,#1097,.T.);
#1568=ORIENTED_EDGE('',*,*,#942,.F.);
#1569=ORIENTED_EDGE('',*,*,#1099,.F.);
#1570=ORIENTED_EDGE('',*,*,#1100,.F.);
#1571=ORIENTED_EDGE('',*,*,#1099,.T.);
#1572=ORIENTED_EDGE('',*,*,#941,.F.);
#1573=ORIENTED_EDGE('',*,*,#939,.F.);
#1574=ORIENTED_EDGE('',*,*,#1078,.F.);
#1575=ORIENTED_EDGE('',*,*,#1101,.F.);
#1576=ORIENTED_EDGE('',*,*,#987,.T.);
#1577=ORIENTED_EDGE('',*,*,#1102,.T.);
#1578=ORIENTED_EDGE('',*,*,#1101,.T.);
#1579=ORIENTED_EDGE('',*,*,#1077,.F.);
#1580=ORIENTED_EDGE('',*,*,#1088,.F.);
#1581=ORIENTED_EDGE('',*,*,#1102,.F.);
#1582=ORIENTED_EDGE('',*,*,#1087,.T.);
#1583=ORIENTED_EDGE('',*,*,#1090,.F.);
#1584=ORIENTED_EDGE('',*,*,#1092,.T.);
#1585=ORIENTED_EDGE('',*,*,#1094,.F.);
#1586=ORIENTED_EDGE('',*,*,#1096,.T.);
#1587=ORIENTED_EDGE('',*,*,#1098,.F.);
#1588=ORIENTED_EDGE('',*,*,#1100,.T.);
#1589=ORIENTED_EDGE('',*,*,#1086,.F.);
#1590=ORIENTED_EDGE('',*,*,#1084,.F.);
#1591=ORIENTED_EDGE('',*,*,#1082,.F.);
#1592=ORIENTED_EDGE('',*,*,#1080,.F.);
#1593=ORIENTED_EDGE('',*,*,#1008,.T.);
#1594=ORIENTED_EDGE('',*,*,#1005,.T.);
#1595=ORIENTED_EDGE('',*,*,#986,.T.);
#1596=ORIENTED_EDGE('',*,*,#983,.T.);
#1597=PLANE('',#1747);
#1598=PLANE('',#1751);
#1599=PLANE('',#1755);
#1600=PLANE('',#1759);
#1601=PLANE('',#1760);
#1602=PLANE('',#1761);
#1603=PLANE('',#1762);
#1604=PLANE('',#1768);
#1605=PLANE('',#1775);
#1606=PLANE('',#1780);
#1607=PLANE('',#1781);
#1608=PLANE('',#1782);
#1609=PLANE('',#1783);
#1610=PLANE('',#1784);
#1611=PLANE('',#1788);
#1612=PLANE('',#1789);
#1613=PLANE('',#1792);
#1614=PLANE('',#1795);
#1615=PLANE('',#1798);
#1616=PLANE('',#1801);
#1617=PLANE('',#1804);
#1618=PLANE('',#1807);
#1619=PLANE('',#1810);
#1620=PLANE('',#1822);
#1621=PLANE('',#1826);
#1622=PLANE('',#1835);
#1623=PLANE('',#1836);
#1624=PLANE('',#1837);
#1625=PLANE('',#1838);
#1626=PLANE('',#1839);
#1627=PLANE('',#1840);
#1628=PLANE('',#1845);
#1629=PLANE('',#1848);
#1630=PLANE('',#1849);
#1631=PLANE('',#1851);
#1632=PLANE('',#1854);
#1633=PLANE('',#1855);
#1634=PLANE('',#1858);
#1635=PLANE('',#1860);
#1636=PLANE('',#1863);
#1637=PLANE('',#1864);
#1638=PLANE('',#1867);
#1639=PLANE('',#1872);
#1640=PLANE('',#1873);
#1641=PLANE('',#1874);
#1642=PLANE('',#1876);
#1643=PLANE('',#1886);
#1644=PLANE('',#1889);
#1645=PLANE('',#1892);
#1646=PLANE('',#1895);
#1647=PLANE('',#1898);
#1648=ADVANCED_FACE('',(#143),#1597,.F.);
#1649=ADVANCED_FACE('',(#144),#110,.F.);
#1650=ADVANCED_FACE('',(#145),#1598,.F.);
#1651=ADVANCED_FACE('',(#146),#111,.F.);
#1652=ADVANCED_FACE('',(#147),#1599,.F.);
#1653=ADVANCED_FACE('',(#148),#112,.F.);
#1654=ADVANCED_FACE('',(#149),#1600,.F.);
#1655=ADVANCED_FACE('',(#150),#1601,.F.);
#1656=ADVANCED_FACE('',(#151),#1602,.F.);
#1657=ADVANCED_FACE('',(#152,#19),#1603,.T.);
#1658=ADVANCED_FACE('',(#153),#113,.F.);
#1659=ADVANCED_FACE('',(#154,#20),#1604,.T.);
#1660=ADVANCED_FACE('',(#155),#114,.F.);
#1661=ADVANCED_FACE('',(#156,#21),#1605,.T.);
#1662=ADVANCED_FACE('',(#157),#1606,.T.);
#1663=ADVANCED_FACE('',(#158),#1607,.T.);
#1664=ADVANCED_FACE('',(#159),#1608,.T.);
#1665=ADVANCED_FACE('',(#160),#1609,.T.);
#1666=ADVANCED_FACE('',(#161,#22),#1610,.T.);
#1667=ADVANCED_FACE('',(#162),#1611,.F.);
#1668=ADVANCED_FACE('',(#163),#1612,.F.);
#1669=ADVANCED_FACE('',(#164),#115,.F.);
#1670=ADVANCED_FACE('',(#165),#1613,.F.);
#1671=ADVANCED_FACE('',(#166),#116,.F.);
#1672=ADVANCED_FACE('',(#167),#1614,.F.);
#1673=ADVANCED_FACE('',(#168),#117,.F.);
#1674=ADVANCED_FACE('',(#169),#1615,.F.);
#1675=ADVANCED_FACE('',(#170),#118,.F.);
#1676=ADVANCED_FACE('',(#171),#1616,.F.);
#1677=ADVANCED_FACE('',(#172),#119,.F.);
#1678=ADVANCED_FACE('',(#173),#1617,.F.);
#1679=ADVANCED_FACE('',(#174),#120,.F.);
#1680=ADVANCED_FACE('',(#175),#1618,.F.);
#1681=ADVANCED_FACE('',(#176),#121,.F.);
#1682=ADVANCED_FACE('',(#177),#1619,.F.);
#1683=ADVANCED_FACE('',(#178),#122,.F.);
#1684=ADVANCED_FACE('',(#179),#123,.F.);
#1685=ADVANCED_FACE('',(#180),#124,.F.);
#1686=ADVANCED_FACE('',(#181),#125,.F.);
#1687=ADVANCED_FACE('',(#182),#1620,.T.);
#1688=ADVANCED_FACE('',(#183),#1621,.T.);
#1689=ADVANCED_FACE('',(#184),#126,.F.);
#1690=ADVANCED_FACE('',(#185),#127,.F.);
#1691=ADVANCED_FACE('',(#186),#128,.F.);
#1692=ADVANCED_FACE('',(#187),#1622,.T.);
#1693=ADVANCED_FACE('',(#188),#1623,.T.);
#1694=ADVANCED_FACE('',(#189),#1624,.T.);
#1695=ADVANCED_FACE('',(#190),#1625,.T.);
#1696=ADVANCED_FACE('',(#191),#1626,.T.);
#1697=ADVANCED_FACE('',(#192,#23,#24,#25),#1627,.T.);
#1698=ADVANCED_FACE('',(#193),#1628,.T.);
#1699=ADVANCED_FACE('',(#194),#129,.T.);
#1700=ADVANCED_FACE('',(#195),#1629,.T.);
#1701=ADVANCED_FACE('',(#196,#26),#1630,.T.);
#1702=ADVANCED_FACE('',(#197),#1631,.T.);
#1703=ADVANCED_FACE('',(#198),#130,.T.);
#1704=ADVANCED_FACE('',(#199),#1632,.T.);
#1705=ADVANCED_FACE('',(#200,#27),#1633,.T.);
#1706=ADVANCED_FACE('',(#201),#1634,.T.);
#1707=ADVANCED_FACE('',(#202),#131,.F.);
#1708=ADVANCED_FACE('',(#203),#1635,.T.);
#1709=ADVANCED_FACE('',(#204),#132,.T.);
#1710=ADVANCED_FACE('',(#205),#1636,.T.);
#1711=ADVANCED_FACE('',(#206,#28),#1637,.T.);
#1712=ADVANCED_FACE('',(#207,#29),#1638,.T.);
#1713=ADVANCED_FACE('',(#208),#133,.F.);
#1714=ADVANCED_FACE('',(#209),#134,.T.);
#1715=ADVANCED_FACE('',(#210),#1639,.T.);
#1716=ADVANCED_FACE('',(#211),#1640,.T.);
#1717=ADVANCED_FACE('',(#212,#30),#1641,.T.);
#1718=ADVANCED_FACE('',(#213),#1642,.T.);
#1719=ADVANCED_FACE('',(#214),#135,.F.);
#1720=ADVANCED_FACE('',(#215),#136,.F.);
#1721=ADVANCED_FACE('',(#216),#137,.F.);
#1722=ADVANCED_FACE('',(#217),#138,.F.);
#1723=ADVANCED_FACE('',(#218,#31),#1643,.T.);
#1724=ADVANCED_FACE('',(#219),#139,.T.);
#1725=ADVANCED_FACE('',(#220,#32),#1644,.T.);
#1726=ADVANCED_FACE('',(#221),#140,.T.);
#1727=ADVANCED_FACE('',(#222),#1645,.T.);
#1728=ADVANCED_FACE('',(#223),#141,.T.);
#1729=ADVANCED_FACE('',(#224,#33),#1646,.T.);
#1730=ADVANCED_FACE('',(#225),#142,.T.);
#1731=ADVANCED_FACE('',(#226,#34,#35,#36,#37,#38,#39,#40,#41),#1647,.F.);
#1732=CLOSED_SHELL('',(#1648,#1649,#1650,#1651,#1652,#1653,#1654,#1655,
#1656,#1657,#1658,#1659,#1660,#1661,#1662,#1663,#1664,#1665,#1666,#1667,
#1668,#1669,#1670,#1671,#1672,#1673,#1674,#1675,#1676,#1677,#1678,#1679,
#1680,#1681,#1682,#1683,#1684,#1685,#1686,#1687,#1688,#1689,#1690,#1691,
#1692,#1693,#1694,#1695,#1696,#1697,#1698,#1699,#1700,#1701,#1702,#1703,
#1704,#1705,#1706,#1707,#1708,#1709,#1710,#1711,#1712,#1713,#1714,#1715,
#1716,#1717,#1718,#1719,#1720,#1721,#1722,#1723,#1724,#1725,#1726,#1727,
#1728,#1729,#1730,#1731));
#1733=DERIVED_UNIT_ELEMENT(#1735,1.);
#1734=DERIVED_UNIT_ELEMENT(#2894,-3.);
#1735=(
MASS_UNIT()
NAMED_UNIT(*)
SI_UNIT(.KILO.,.GRAM.)
);
#1736=DERIVED_UNIT((#1733,#1734));
#1737=MEASURE_REPRESENTATION_ITEM('density measure',
POSITIVE_RATIO_MEASURE(7850.),#1736);
#1738=PROPERTY_DEFINITION_REPRESENTATION(#1743,#1740);
#1739=PROPERTY_DEFINITION_REPRESENTATION(#1744,#1741);
#1740=REPRESENTATION('material name',(#1742),#2891);
#1741=REPRESENTATION('density',(#1737),#2891);
#1742=DESCRIPTIVE_REPRESENTATION_ITEM('Steel','Steel');
#1743=PROPERTY_DEFINITION('material property','material name',#2906);
#1744=PROPERTY_DEFINITION('material property','density of part',#2906);
#1745=AXIS2_PLACEMENT_3D('',#2389,#1900,#1901);
#1746=AXIS2_PLACEMENT_3D('',#2390,#1902,#1903);
#1747=AXIS2_PLACEMENT_3D('',#2391,#1904,#1905);
#1748=AXIS2_PLACEMENT_3D('',#2400,#1910,#1911);
#1749=AXIS2_PLACEMENT_3D('',#2402,#1912,#1913);
#1750=AXIS2_PLACEMENT_3D('',#2405,#1915,#1916);
#1751=AXIS2_PLACEMENT_3D('',#2406,#1917,#1918);
#1752=AXIS2_PLACEMENT_3D('',#2412,#1922,#1923);
#1753=AXIS2_PLACEMENT_3D('',#2414,#1924,#1925);
#1754=AXIS2_PLACEMENT_3D('',#2417,#1927,#1928);
#1755=AXIS2_PLACEMENT_3D('',#2418,#1929,#1930);
#1756=AXIS2_PLACEMENT_3D('',#2424,#1934,#1935);
#1757=AXIS2_PLACEMENT_3D('',#2426,#1936,#1937);
#1758=AXIS2_PLACEMENT_3D('',#2429,#1939,#1940);
#1759=AXIS2_PLACEMENT_3D('',#2430,#1941,#1942);
#1760=AXIS2_PLACEMENT_3D('',#2436,#1946,#1947);
#1761=AXIS2_PLACEMENT_3D('',#2442,#1951,#1952);
#1762=AXIS2_PLACEMENT_3D('',#2445,#1955,#1956);
#1763=AXIS2_PLACEMENT_3D('',#2448,#1957,#1958);
#1764=AXIS2_PLACEMENT_3D('',#2458,#1963,#1964);
#1765=AXIS2_PLACEMENT_3D('',#2462,#1966,#1967);
#1766=AXIS2_PLACEMENT_3D('',#2464,#1969,#1970);
#1767=AXIS2_PLACEMENT_3D('',#2468,#1972,#1973);
#1768=AXIS2_PLACEMENT_3D('',#2470,#1975,#1976);
#1769=AXIS2_PLACEMENT_3D('',#2486,#1984,#1985);
#1770=AXIS2_PLACEMENT_3D('',#2490,#1987,#1988);
#1771=AXIS2_PLACEMENT_3D('',#2494,#1990,#1991);
#1772=AXIS2_PLACEMENT_3D('',#2497,#1993,#1994);
#1773=AXIS2_PLACEMENT_3D('',#2498,#1995,#1996);
#1774=AXIS2_PLACEMENT_3D('',#2501,#1998,#1999);
#1775=AXIS2_PLACEMENT_3D('',#2502,#2000,#2001);
#1776=AXIS2_PLACEMENT_3D('',#2524,#2012,#2013);
#1777=AXIS2_PLACEMENT_3D('',#2528,#2015,#2016);
#1778=AXIS2_PLACEMENT_3D('',#2532,#2018,#2019);
#1779=AXIS2_PLACEMENT_3D('',#2535,#2021,#2022);
#1780=AXIS2_PLACEMENT_3D('',#2536,#2023,#2024);
#1781=AXIS2_PLACEMENT_3D('',#2540,#2027,#2028);
#1782=AXIS2_PLACEMENT_3D('',#2544,#2031,#2032);
#1783=AXIS2_PLACEMENT_3D('',#2554,#2038,#2039);
#1784=AXIS2_PLACEMENT_3D('',#2562,#2044,#2045);
#1785=AXIS2_PLACEMENT_3D('',#2566,#2047,#2048);
#1786=AXIS2_PLACEMENT_3D('',#2570,#2050,#2051);
#1787=AXIS2_PLACEMENT_3D('',#2574,#2053,#2054);
#1788=AXIS2_PLACEMENT_3D('',#2576,#2056,#2057);
#1789=AXIS2_PLACEMENT_3D('',#2578,#2059,#2060);
#1790=AXIS2_PLACEMENT_3D('',#2584,#2064,#2065);
#1791=AXIS2_PLACEMENT_3D('',#2586,#2066,#2067);
#1792=AXIS2_PLACEMENT_3D('',#2588,#2069,#2070);
#1793=AXIS2_PLACEMENT_3D('',#2592,#2073,#2074);
#1794=AXIS2_PLACEMENT_3D('',#2594,#2075,#2076);
#1795=AXIS2_PLACEMENT_3D('',#2596,#2078,#2079);
#1796=AXIS2_PLACEMENT_3D('',#2600,#2082,#2083);
#1797=AXIS2_PLACEMENT_3D('',#2602,#2084,#2085);
#1798=AXIS2_PLACEMENT_3D('',#2604,#2087,#2088);
#1799=AXIS2_PLACEMENT_3D('',#2608,#2091,#2092);
#1800=AXIS2_PLACEMENT_3D('',#2609,#2093,#2094);
#1801=AXIS2_PLACEMENT_3D('',#2610,#2095,#2096);
#1802=AXIS2_PLACEMENT_3D('',#2616,#2100,#2101);
#1803=AXIS2_PLACEMENT_3D('',#2618,#2102,#2103);
#1804=AXIS2_PLACEMENT_3D('',#2620,#2105,#2106);
#1805=AXIS2_PLACEMENT_3D('',#2624,#2109,#2110);
#1806=AXIS2_PLACEMENT_3D('',#2626,#2111,#2112);
#1807=AXIS2_PLACEMENT_3D('',#2628,#2114,#2115);
#1808=AXIS2_PLACEMENT_3D('',#2632,#2118,#2119);
#1809=AXIS2_PLACEMENT_3D('',#2634,#2120,#2121);
#1810=AXIS2_PLACEMENT_3D('',#2636,#2123,#2124);
#1811=AXIS2_PLACEMENT_3D('',#2640,#2127,#2128);
#1812=AXIS2_PLACEMENT_3D('',#2641,#2129,#2130);
#1813=AXIS2_PLACEMENT_3D('',#2642,#2131,#2132);
#1814=AXIS2_PLACEMENT_3D('',#2644,#2133,#2134);
#1815=AXIS2_PLACEMENT_3D('',#2647,#2136,#2137);
#1816=AXIS2_PLACEMENT_3D('',#2648,#2138,#2139);
#1817=AXIS2_PLACEMENT_3D('',#2650,#2140,#2141);
#1818=AXIS2_PLACEMENT_3D('',#2653,#2143,#2144);
#1819=AXIS2_PLACEMENT_3D('',#2654,#2145,#2146);
#1820=AXIS2_PLACEMENT_3D('',#2656,#2147,#2148);
#1821=AXIS2_PLACEMENT_3D('',#2659,#2150,#2151);
#1822=AXIS2_PLACEMENT_3D('',#2660,#2152,#2153);
#1823=AXIS2_PLACEMENT_3D('',#2663,#2154,#2155);
#1824=AXIS2_PLACEMENT_3D('',#2665,#2156,#2157);
#1825=AXIS2_PLACEMENT_3D('',#2673,#2161,#2162);
#1826=AXIS2_PLACEMENT_3D('',#2681,#2167,#2168);
#1827=AXIS2_PLACEMENT_3D('',#2687,#2172,#2173);
#1828=AXIS2_PLACEMENT_3D('',#2689,#2174,#2175);
#1829=AXIS2_PLACEMENT_3D('',#2692,#2177,#2178);
#1830=AXIS2_PLACEMENT_3D('',#2693,#2179,#2180);
#1831=AXIS2_PLACEMENT_3D('',#2695,#2181,#2182);
#1832=AXIS2_PLACEMENT_3D('',#2698,#2184,#2185);
#1833=AXIS2_PLACEMENT_3D('',#2700,#2187,#2188);
#1834=AXIS2_PLACEMENT_3D('',#2703,#2189,#2190);
#1835=AXIS2_PLACEMENT_3D('',#2706,#2193,#2194);
#1836=AXIS2_PLACEMENT_3D('',#2710,#2197,#2198);
#1837=AXIS2_PLACEMENT_3D('',#2714,#2201,#2202);
#1838=AXIS2_PLACEMENT_3D('',#2718,#2205,#2206);
#1839=AXIS2_PLACEMENT_3D('',#2722,#2209,#2210);
#1840=AXIS2_PLACEMENT_3D('',#2724,#2212,#2213);
#1841=AXIS2_PLACEMENT_3D('',#2730,#2216,#2217);
#1842=AXIS2_PLACEMENT_3D('',#2738,#2221,#2222);
#1843=AXIS2_PLACEMENT_3D('',#2743,#2225,#2226);
#1844=AXIS2_PLACEMENT_3D('',#2748,#2229,#2230);
#1845=AXIS2_PLACEMENT_3D('',#2752,#2233,#2234);
#1846=AXIS2_PLACEMENT_3D('',#2756,#2237,#2238);
#1847=AXIS2_PLACEMENT_3D('',#2759,#2240,#2241);
#1848=AXIS2_PLACEMENT_3D('',#2760,#2242,#2243);
#1849=AXIS2_PLACEMENT_3D('',#2762,#2245,#2246);
#1850=AXIS2_PLACEMENT_3D('',#2764,#2247,#2248);
#1851=AXIS2_PLACEMENT_3D('',#2765,#2249,#2250);
#1852=AXIS2_PLACEMENT_3D('',#2771,#2254,#2255);
#1853=AXIS2_PLACEMENT_3D('',#2774,#2257,#2258);
#1854=AXIS2_PLACEMENT_3D('',#2775,#2259,#2260);
#1855=AXIS2_PLACEMENT_3D('',#2779,#2263,#2264);
#1856=AXIS2_PLACEMENT_3D('',#2782,#2265,#2266);
#1857=AXIS2_PLACEMENT_3D('',#2786,#2269,#2270);
#1858=AXIS2_PLACEMENT_3D('',#2787,#2271,#2272);
#1859=AXIS2_PLACEMENT_3D('',#2792,#2276,#2277);
#1860=AXIS2_PLACEMENT_3D('',#2794,#2279,#2280);
#1861=AXIS2_PLACEMENT_3D('',#2800,#2284,#2285);
#1862=AXIS2_PLACEMENT_3D('',#2803,#2287,#2288);
#1863=AXIS2_PLACEMENT_3D('',#2804,#2289,#2290);
#1864=AXIS2_PLACEMENT_3D('',#2806,#2292,#2293);
#1865=AXIS2_PLACEMENT_3D('',#2808,#2294,#2295);
#1866=AXIS2_PLACEMENT_3D('',#2811,#2297,#2298);
#1867=AXIS2_PLACEMENT_3D('',#2812,#2299,#2300);
#1868=AXIS2_PLACEMENT_3D('',#2816,#2303,#2304);
#1869=AXIS2_PLACEMENT_3D('',#2817,#2305,#2306);
#1870=AXIS2_PLACEMENT_3D('',#2818,#2307,#2308);
#1871=AXIS2_PLACEMENT_3D('',#2822,#2310,#2311);
#1872=AXIS2_PLACEMENT_3D('',#2824,#2313,#2314);
#1873=AXIS2_PLACEMENT_3D('',#2826,#2316,#2317);
#1874=AXIS2_PLACEMENT_3D('',#2828,#2319,#2320);
#1875=AXIS2_PLACEMENT_3D('',#2830,#2321,#2322);
#1876=AXIS2_PLACEMENT_3D('',#2831,#2323,#2324);
#1877=AXIS2_PLACEMENT_3D('',#2835,#2326,#2327);
#1878=AXIS2_PLACEMENT_3D('',#2837,#2329,#2330);
#1879=AXIS2_PLACEMENT_3D('',#2840,#2332,#2333);
#1880=AXIS2_PLACEMENT_3D('',#2841,#2334,#2335);
#1881=AXIS2_PLACEMENT_3D('',#2844,#2337,#2338);
#1882=AXIS2_PLACEMENT_3D('',#2845,#2339,#2340);
#1883=AXIS2_PLACEMENT_3D('',#2848,#2342,#2343);
#1884=AXIS2_PLACEMENT_3D('',#2849,#2344,#2345);
#1885=AXIS2_PLACEMENT_3D('',#2852,#2347,#2348);
#1886=AXIS2_PLACEMENT_3D('',#2853,#2349,#2350);
#1887=AXIS2_PLACEMENT_3D('',#2859,#2354,#2355);
#1888=AXIS2_PLACEMENT_3D('',#2861,#2356,#2357);
#1889=AXIS2_PLACEMENT_3D('',#2863,#2359,#2360);
#1890=AXIS2_PLACEMENT_3D('',#2867,#2363,#2364);
#1891=AXIS2_PLACEMENT_3D('',#2869,#2365,#2366);
#1892=AXIS2_PLACEMENT_3D('',#2871,#2368,#2369);
#1893=AXIS2_PLACEMENT_3D('',#2875,#2372,#2373);
#1894=AXIS2_PLACEMENT_3D('',#2877,#2374,#2375);
#1895=AXIS2_PLACEMENT_3D('',#2879,#2377,#2378);
#1896=AXIS2_PLACEMENT_3D('',#2883,#2381,#2382);
#1897=AXIS2_PLACEMENT_3D('',#2884,#2383,#2384);
#1898=AXIS2_PLACEMENT_3D('',#2885,#2385,#2386);
#1899=AXIS2_PLACEMENT_3D('',#2886,#2387,#2388);
#1900=DIRECTION('axis',(0.,0.,1.));
#1901=DIRECTION('refdir',(1.,0.,0.));
#1902=DIRECTION('axis',(0.,0.,1.));
#1903=DIRECTION('refdir',(1.,0.,0.));
#1904=DIRECTION('center_axis',(0.,-1.,0.));
#1905=DIRECTION('ref_axis',(-1.,0.,0.));
#1906=DIRECTION('',(-1.,0.,0.));
#1907=DIRECTION('',(0.,0.,-1.));
#1908=DIRECTION('',(-1.,0.,0.));
#1909=DIRECTION('',(0.,0.,-1.));
#1910=DIRECTION('center_axis',(0.,0.,-1.));
#1911=DIRECTION('ref_axis',(0.,-1.,0.));
#1912=DIRECTION('center_axis',(0.,0.,-1.));
#1913=DIRECTION('ref_axis',(0.,-1.,0.));
#1914=DIRECTION('',(0.,0.,-1.));
#1915=DIRECTION('center_axis',(0.,0.,-1.));
#1916=DIRECTION('ref_axis',(0.,-1.,0.));
#1917=DIRECTION('center_axis',(1.,0.,0.));
#1918=DIRECTION('ref_axis',(0.,-1.,0.));
#1919=DIRECTION('',(0.,-1.,0.));
#1920=DIRECTION('',(0.,0.,-1.));
#1921=DIRECTION('',(0.,-1.,0.));
#1922=DIRECTION('center_axis',(0.,0.,-1.));
#1923=DIRECTION('ref_axis',(1.,0.,0.));
#1924=DIRECTION('center_axis',(0.,0.,-1.));
#1925=DIRECTION('ref_axis',(1.,0.,0.));
#1926=DIRECTION('',(0.,0.,-1.));
#1927=DIRECTION('center_axis',(0.,0.,-1.));
#1928=DIRECTION('ref_axis',(1.,0.,0.));
#1929=DIRECTION('center_axis',(0.,1.,0.));
#1930=DIRECTION('ref_axis',(1.,0.,0.));
#1931=DIRECTION('',(1.,0.,0.));
#1932=DIRECTION('',(0.,0.,-1.));
#1933=DIRECTION('',(1.,0.,0.));
#1934=DIRECTION('center_axis',(0.,0.,-1.));
#1935=DIRECTION('ref_axis',(-1.26882631385732E-15,1.,0.));
#1936=DIRECTION('center_axis',(0.,0.,-1.));
#1937=DIRECTION('ref_axis',(-1.26882631385732E-15,1.,0.));
#1938=DIRECTION('',(0.,0.,-1.));
#1939=DIRECTION('center_axis',(0.,0.,-1.));
#1940=DIRECTION('ref_axis',(-1.26882631385732E-15,1.,0.));
#1941=DIRECTION('center_axis',(-1.,-2.13988564837032E-16,0.));
#1942=DIRECTION('ref_axis',(-2.13988564837032E-16,1.,0.));
#1943=DIRECTION('',(-2.13988564837032E-16,1.,0.));
#1944=DIRECTION('',(0.,0.,-1.));
#1945=DIRECTION('',(-2.13988564837032E-16,1.,0.));
#1946=DIRECTION('center_axis',(0.,-1.,0.));
#1947=DIRECTION('ref_axis',(-1.,0.,0.));
#1948=DIRECTION('',(-1.,0.,0.));
#1949=DIRECTION('',(0.,0.,-1.));
#1950=DIRECTION('',(-1.,0.,0.));
#1951=DIRECTION('center_axis',(-1.,0.,0.));
#1952=DIRECTION('ref_axis',(0.,1.,0.));
#1953=DIRECTION('',(0.,1.,0.));
#1954=DIRECTION('',(0.,1.,0.));
#1955=DIRECTION('center_axis',(0.,0.,1.));
#1956=DIRECTION('ref_axis',(-1.,0.,0.));
#1957=DIRECTION('center_axis',(0.,0.,1.));
#1958=DIRECTION('ref_axis',(2.53765262771464E-15,-1.,0.));
#1959=DIRECTION('',(1.,4.90461270279391E-32,0.));
#1960=DIRECTION('',(0.,-1.,0.));
#1961=DIRECTION('',(1.,0.,0.));
#1962=DIRECTION('',(4.90461270279391E-32,-1.,0.));
#1963=DIRECTION('center_axis',(0.,0.,1.));
#1964=DIRECTION('ref_axis',(3.17206578464331E-16,1.,0.));
#1965=DIRECTION('',(-1.,-4.90461270279391E-32,0.));
#1966=DIRECTION('center_axis',(0.,0.,1.));
#1967=DIRECTION('ref_axis',(1.,-1.01506105108586E-14,0.));
#1968=DIRECTION('',(-4.90461270279391E-32,1.,0.));
#1969=DIRECTION('center_axis',(0.,0.,1.));
#1970=DIRECTION('ref_axis',(1.,-1.01506105108586E-14,0.));
#1971=DIRECTION('',(0.,0.,1.));
#1972=DIRECTION('center_axis',(-1.16465684825938E-32,6.945230745049E-47,
-1.));
#1973=DIRECTION('ref_axis',(1.,-1.01506105108586E-14,0.));
#1974=DIRECTION('',(0.,0.,1.));
#1975=DIRECTION('center_axis',(4.90461270279391E-32,-1.,0.));
#1976=DIRECTION('ref_axis',(1.,4.90461270279391E-32,0.));
#1977=DIRECTION('',(0.,0.,1.));
#1978=DIRECTION('',(1.,4.90461270279391E-32,-1.16465684825938E-32));
#1979=DIRECTION('',(0.,0.,-1.));
#1980=DIRECTION('',(-1.,-4.90461270279391E-32,0.));
#1981=DIRECTION('',(0.,0.,1.));
#1982=DIRECTION('',(1.,4.90461270279391E-32,-1.16465684825938E-32));
#1983=DIRECTION('',(0.,0.,1.));
#1984=DIRECTION('center_axis',(-4.90461270279391E-32,1.,0.));
#1985=DIRECTION('ref_axis',(-1.,0.,6.6613381477509E-15));
#1986=DIRECTION('',(1.,4.90461270279391E-32,2.22044604925031E-16));
#1987=DIRECTION('center_axis',(-4.90461270279391E-32,1.,0.));
#1988=DIRECTION('ref_axis',(0.,0.,1.));
#1989=DIRECTION('',(0.,0.,-1.));
#1990=DIRECTION('center_axis',(-4.90461270279391E-32,1.,0.));
#1991=DIRECTION('ref_axis',(1.,0.,6.66133814775096E-15));
#1992=DIRECTION('',(-1.,-4.90461270279391E-32,0.));
#1993=DIRECTION('center_axis',(-4.90461270279391E-32,1.,0.));
#1994=DIRECTION('ref_axis',(-4.44089209850061E-15,0.,-1.));
#1995=DIRECTION('center_axis',(0.,0.,1.));
#1996=DIRECTION('ref_axis',(3.17206578464331E-16,1.,0.));
#1997=DIRECTION('',(0.,0.,1.));
#1998=DIRECTION('center_axis',(-1.16465684825938E-32,3.09919680793695E-34,
-1.));
#1999=DIRECTION('ref_axis',(3.17206578464331E-16,1.,0.));
#2000=DIRECTION('center_axis',(1.,4.90461270279391E-32,0.));
#2001=DIRECTION('ref_axis',(-4.90461270279391E-32,1.,0.));
#2002=DIRECTION('',(0.,0.,1.));
#2003=DIRECTION('',(-4.90461270279391E-32,1.,0.));
#2004=DIRECTION('',(-4.90461270279391E-32,1.,0.));
#2005=DIRECTION('',(0.,0.,1.));
#2006=DIRECTION('',(-4.90461270279391E-32,1.,3.09919680793732E-34));
#2007=DIRECTION('',(0.,0.,-1.));
#2008=DIRECTION('',(4.90461270279391E-32,-1.,0.));
#2009=DIRECTION('',(0.,0.,1.));
#2010=DIRECTION('',(-4.90461270279391E-32,1.,3.09919680793696E-34));
#2011=DIRECTION('',(0.,0.,1.));
#2012=DIRECTION('center_axis',(-1.,-4.90461270279391E-32,0.));
#2013=DIRECTION('ref_axis',(0.,-1.,0.));
#2014=DIRECTION('',(-4.90461270279391E-32,1.,0.));
#2015=DIRECTION('center_axis',(-1.,-4.90461270279391E-32,0.));
#2016=DIRECTION('ref_axis',(0.,0.,1.));
#2017=DIRECTION('',(0.,0.,-1.));
#2018=DIRECTION('center_axis',(-1.,-4.90461270279391E-32,0.));
#2019=DIRECTION('ref_axis',(0.,1.,0.));
#2020=DIRECTION('',(4.90461270279391E-32,-1.,0.));
#2021=DIRECTION('center_axis',(-1.,-4.90461270279391E-32,0.));
#2022=DIRECTION('ref_axis',(0.,0.,-1.));
#2023=DIRECTION('center_axis',(0.,1.,0.));
#2024=DIRECTION('ref_axis',(-1.,0.,0.));
#2025=DIRECTION('',(0.,0.,1.));
#2026=DIRECTION('',(-1.,0.,0.));
#2027=DIRECTION('center_axis',(1.,0.,0.));
#2028=DIRECTION('ref_axis',(0.,1.,0.));
#2029=DIRECTION('',(0.,0.,1.));
#2030=DIRECTION('',(0.,1.,0.));
#2031=DIRECTION('center_axis',(-5.92118946466783E-15,-1.,0.));
#2032=DIRECTION('ref_axis',(1.,-5.92118946466783E-15,0.));
#2033=DIRECTION('',(-1.,5.92118946466783E-15,0.));
#2034=DIRECTION('',(0.,0.,1.));
#2035=DIRECTION('',(1.,-5.92118946466783E-15,0.));
#2036=DIRECTION('',(0.,0.,1.));
#2037=DIRECTION('',(-1.,5.92118946466783E-15,0.));
#2038=DIRECTION('center_axis',(-1.,0.,0.));
#2039=DIRECTION('ref_axis',(0.,-1.,0.));
#2040=DIRECTION('',(0.,-1.,0.));
#2041=DIRECTION('',(0.,1.,0.));
#2042=DIRECTION('',(0.,0.,1.));
#2043=DIRECTION('',(0.,-1.,0.));
#2044=DIRECTION('center_axis',(0.,0.,1.));
#2045=DIRECTION('ref_axis',(-1.,0.,0.));
#2046=DIRECTION('',(1.,0.,0.));
#2047=DIRECTION('center_axis',(0.,0.,1.));
#2048=DIRECTION('ref_axis',(0.,-1.,0.));
#2049=DIRECTION('',(4.24116943798586E-14,1.,0.));
#2050=DIRECTION('center_axis',(0.,0.,1.));
#2051=DIRECTION('ref_axis',(1.,0.,0.));
#2052=DIRECTION('',(-1.,0.,0.));
#2053=DIRECTION('center_axis',(0.,0.,1.));
#2054=DIRECTION('ref_axis',(-6.34413156928742E-16,1.,0.));
#2055=DIRECTION('',(-5.86685315261545E-15,-1.,0.));
#2056=DIRECTION('center_axis',(0.,0.,1.));
#2057=DIRECTION('ref_axis',(-1.,0.,0.));
#2058=DIRECTION('',(-1.,-4.90461270279391E-32,0.));
#2059=DIRECTION('center_axis',(0.,-1.,0.));
#2060=DIRECTION('ref_axis',(0.,0.,-1.));
#2061=DIRECTION('',(0.,0.,-1.));
#2062=DIRECTION('',(1.,0.,0.));
#2063=DIRECTION('',(1.,0.,0.));
#2064=DIRECTION('center_axis',(1.,0.,0.));
#2065=DIRECTION('ref_axis',(0.,-1.,0.));
#2066=DIRECTION('center_axis',(1.,-1.2042101589849E-15,0.));
#2067=DIRECTION('ref_axis',(0.,-1.,0.));
#2068=DIRECTION('',(1.,0.,0.));
#2069=DIRECTION('center_axis',(0.,0.,1.));
#2070=DIRECTION('ref_axis',(0.,-1.,0.));
#2071=DIRECTION('',(-1.2042101589849E-15,-1.,0.));
#2072=DIRECTION('',(1.,0.,0.));
#2073=DIRECTION('center_axis',(1.,0.,0.));
#2074=DIRECTION('ref_axis',(0.,0.,1.));
#2075=DIRECTION('center_axis',(1.,-1.2042101589849E-15,0.));
#2076=DIRECTION('ref_axis',(0.,0.,1.));
#2077=DIRECTION('',(1.,0.,0.));
#2078=DIRECTION('center_axis',(0.,1.,0.));
#2079=DIRECTION('ref_axis',(0.,0.,1.));
#2080=DIRECTION('',(0.,0.,1.));
#2081=DIRECTION('',(1.,0.,0.));
#2082=DIRECTION('center_axis',(1.,0.,0.));
#2083=DIRECTION('ref_axis',(0.,1.,0.));
#2084=DIRECTION('center_axis',(1.,-1.2042101589849E-15,0.));
#2085=DIRECTION('ref_axis',(0.,1.,0.));
#2086=DIRECTION('',(1.,0.,0.));
#2087=DIRECTION('center_axis',(0.,0.,-1.));
#2088=DIRECTION('ref_axis',(0.,1.,0.));
#2089=DIRECTION('',(1.2042101589849E-15,1.,0.));
#2090=DIRECTION('',(1.,0.,0.));
#2091=DIRECTION('center_axis',(1.,0.,0.));
#2092=DIRECTION('ref_axis',(0.,0.,-1.));
#2093=DIRECTION('center_axis',(1.,-1.2042101589849E-15,0.));
#2094=DIRECTION('ref_axis',(0.,0.,-1.));
#2095=DIRECTION('center_axis',(-1.,0.,0.));
#2096=DIRECTION('ref_axis',(0.,0.,-1.));
#2097=DIRECTION('',(0.,0.,-1.));
#2098=DIRECTION('',(0.,-1.,0.));
#2099=DIRECTION('',(0.,-1.,0.));
#2100=DIRECTION('center_axis',(0.,-1.,0.));
#2101=DIRECTION('ref_axis',(-1.,0.,6.6613381477509E-15));
#2102=DIRECTION('center_axis',(4.90461270279391E-32,-1.,0.));
#2103=DIRECTION('ref_axis',(-1.,0.,6.6613381477509E-15));
#2104=DIRECTION('',(0.,-1.,0.));
#2105=DIRECTION('center_axis',(-2.22044604925031E-16,0.,1.));
#2106=DIRECTION('ref_axis',(-1.,0.,-2.22044604925031E-16));
#2107=DIRECTION('',(-1.,-4.90461270279391E-32,-2.22044604925031E-16));
#2108=DIRECTION('',(0.,-1.,0.));
#2109=DIRECTION('center_axis',(0.,-1.,0.));
#2110=DIRECTION('ref_axis',(0.,0.,1.));
#2111=DIRECTION('center_axis',(4.90461270279391E-32,-1.,0.));
#2112=DIRECTION('ref_axis',(0.,0.,1.));
#2113=DIRECTION('',(0.,-1.,0.));
#2114=DIRECTION('center_axis',(1.,0.,0.));
#2115=DIRECTION('ref_axis',(0.,0.,1.));
#2116=DIRECTION('',(0.,0.,1.));
#2117=DIRECTION('',(0.,-1.,0.));
#2118=DIRECTION('center_axis',(0.,-1.,0.));
#2119=DIRECTION('ref_axis',(1.,0.,6.66133814775096E-15));
#2120=DIRECTION('center_axis',(4.90461270279391E-32,-1.,0.));
#2121=DIRECTION('ref_axis',(1.,0.,6.66133814775096E-15));
#2122=DIRECTION('',(0.,-1.,0.));
#2123=DIRECTION('center_axis',(0.,0.,-1.));
#2124=DIRECTION('ref_axis',(1.,0.,0.));
#2125=DIRECTION('',(1.,4.90461270279391E-32,0.));
#2126=DIRECTION('',(0.,-1.,0.));
#2127=DIRECTION('center_axis',(0.,-1.,0.));
#2128=DIRECTION('ref_axis',(-4.44089209850061E-15,0.,-1.));
#2129=DIRECTION('center_axis',(4.90461270279391E-32,-1.,0.));
#2130=DIRECTION('ref_axis',(-4.44089209850061E-15,0.,-1.));
#2131=DIRECTION('center_axis',(0.,0.,-1.));
#2132=DIRECTION('ref_axis',(-1.,0.,0.));
#2133=DIRECTION('center_axis',(0.,0.,-1.));
#2134=DIRECTION('ref_axis',(-1.,0.,0.));
#2135=DIRECTION('',(0.,0.,-1.));
#2136=DIRECTION('center_axis',(0.,0.,1.));
#2137=DIRECTION('ref_axis',(-1.,0.,0.));
#2138=DIRECTION('center_axis',(0.,0.,-1.));
#2139=DIRECTION('ref_axis',(-1.,0.,0.));
#2140=DIRECTION('center_axis',(0.,0.,-1.));
#2141=DIRECTION('ref_axis',(-1.,0.,0.));
#2142=DIRECTION('',(0.,0.,-1.));
#2143=DIRECTION('center_axis',(0.,0.,1.));
#2144=DIRECTION('ref_axis',(-1.,0.,0.));
#2145=DIRECTION('center_axis',(0.,1.,0.));
#2146=DIRECTION('ref_axis',(1.,0.,0.));
#2147=DIRECTION('center_axis',(-4.61181852099732E-14,1.,0.));
#2148=DIRECTION('ref_axis',(1.,0.,0.));
#2149=DIRECTION('',(0.,1.,0.));
#2150=DIRECTION('center_axis',(4.90461270279391E-32,-1.,0.));
#2151=DIRECTION('ref_axis',(1.,0.,0.));
#2152=DIRECTION('center_axis',(0.,0.,1.));
#2153=DIRECTION('ref_axis',(-1.,0.,0.));
#2154=DIRECTION('center_axis',(0.,0.,-1.));
#2155=DIRECTION('ref_axis',(-1.,0.,0.));
#2156=DIRECTION('center_axis',(0.,0.,-1.));
#2157=DIRECTION('ref_axis',(-1.,0.,0.));
#2158=DIRECTION('',(0.,-1.,0.));
#2159=DIRECTION('',(-1.,-4.90461270279391E-32,0.));
#2160=DIRECTION('',(2.61228946970625E-16,1.,0.));
#2161=DIRECTION('center_axis',(0.,0.,-1.));
#2162=DIRECTION('ref_axis',(0.,1.,0.));
#2163=DIRECTION('',(1.,0.,0.));
#2164=DIRECTION('',(0.,1.,0.));
#2165=DIRECTION('',(-1.,0.,0.));
#2166=DIRECTION('',(0.,-1.,0.));
#2167=DIRECTION('center_axis',(-1.,0.,0.));
#2168=DIRECTION('ref_axis',(0.,-1.,0.));
#2169=DIRECTION('',(0.,0.,-1.));
#2170=DIRECTION('',(0.,1.,0.));
#2171=DIRECTION('',(0.,0.,-1.));
#2172=DIRECTION('center_axis',(0.,0.,-1.));
#2173=DIRECTION('ref_axis',(-1.,0.,0.));
#2174=DIRECTION('center_axis',(0.,0.,-1.));
#2175=DIRECTION('ref_axis',(-1.,0.,0.));
#2176=DIRECTION('',(0.,0.,-1.));
#2177=DIRECTION('center_axis',(0.,0.,1.));
#2178=DIRECTION('ref_axis',(-1.,0.,0.));
#2179=DIRECTION('center_axis',(0.,0.,-1.));
#2180=DIRECTION('ref_axis',(-1.,0.,0.));
#2181=DIRECTION('center_axis',(0.,0.,-1.));
#2182=DIRECTION('ref_axis',(-1.,0.,0.));
#2183=DIRECTION('',(0.,0.,-1.));
#2184=DIRECTION('center_axis',(0.,0.,1.));
#2185=DIRECTION('ref_axis',(-1.,0.,0.));
#2186=DIRECTION('',(0.,0.,1.));
#2187=DIRECTION('center_axis',(0.,0.,1.));
#2188=DIRECTION('ref_axis',(0.,1.,0.));
#2189=DIRECTION('center_axis',(0.,0.,1.));
#2190=DIRECTION('ref_axis',(0.,1.,0.));
#2191=DIRECTION('',(0.,0.,1.));
#2192=DIRECTION('',(0.,0.,1.));
#2193=DIRECTION('center_axis',(1.,-2.61228946970625E-16,0.));
#2194=DIRECTION('ref_axis',(2.61228946970625E-16,1.,0.));
#2195=DIRECTION('',(-2.61228946970625E-16,-1.,0.));
#2196=DIRECTION('',(0.,0.,1.));
#2197=DIRECTION('center_axis',(-1.,0.,0.));
#2198=DIRECTION('ref_axis',(0.,-1.,0.));
#2199=DIRECTION('',(0.,0.,1.));
#2200=DIRECTION('',(0.,1.,0.));
#2201=DIRECTION('center_axis',(0.,1.,0.));
#2202=DIRECTION('ref_axis',(-1.,0.,0.));
#2203=DIRECTION('',(1.,0.,0.));
#2204=DIRECTION('',(0.,0.,1.));
#2205=DIRECTION('center_axis',(1.,0.,0.));
#2206=DIRECTION('ref_axis',(0.,1.,0.));
#2207=DIRECTION('',(0.,-1.,0.));
#2208=DIRECTION('',(0.,0.,1.));
#2209=DIRECTION('center_axis',(0.,-1.,0.));
#2210=DIRECTION('ref_axis',(1.,0.,0.));
#2211=DIRECTION('',(-1.,0.,0.));
#2212=DIRECTION('center_axis',(0.,0.,1.));
#2213=DIRECTION('ref_axis',(-1.,-4.90461270279391E-32,0.));
#2214=DIRECTION('',(1.,4.90461270279391E-32,0.));
#2215=DIRECTION('',(-4.90461270279391E-32,1.,0.));
#2216=DIRECTION('center_axis',(0.,0.,-1.));
#2217=DIRECTION('ref_axis',(-4.4408920985006E-15,1.,0.));
#2218=DIRECTION('',(1.,-3.70074341541719E-16,0.));
#2219=DIRECTION('',(-4.90461270279391E-32,1.,0.));
#2220=DIRECTION('',(-1.,-1.48029736616657E-15,0.));
#2221=DIRECTION('center_axis',(0.,0.,-1.));
#2222=DIRECTION('ref_axis',(-1.,4.44089209850064E-15,0.));
#2223=DIRECTION('',(-4.90461270279391E-32,1.,0.));
#2224=DIRECTION('',(-3.70074341541719E-16,-1.,0.));
#2225=DIRECTION('center_axis',(0.,0.,-1.));
#2226=DIRECTION('ref_axis',(4.4408920985006E-15,-1.,0.));
#2227=DIRECTION('',(-1.,-4.90461270279391E-32,0.));
#2228=DIRECTION('',(1.,4.90461270279391E-32,0.));
#2229=DIRECTION('center_axis',(0.,0.,-1.));
#2230=DIRECTION('ref_axis',(1.,1.11022302462516E-15,0.));
#2231=DIRECTION('',(4.90461270279391E-32,-1.,0.));
#2232=DIRECTION('',(1.,4.90461270279391E-32,0.));
#2233=DIRECTION('center_axis',(4.90461270279391E-32,-1.,0.));
#2234=DIRECTION('ref_axis',(1.,4.90461270279391E-32,0.));
#2235=DIRECTION('',(0.,0.,1.));
#2236=DIRECTION('',(1.,4.90461270279391E-32,0.));
#2237=DIRECTION('center_axis',(0.,0.,1.));
#2238=DIRECTION('ref_axis',(4.4408920985006E-15,-1.,0.));
#2239=DIRECTION('',(0.,0.,1.));
#2240=DIRECTION('center_axis',(0.,0.,1.));
#2241=DIRECTION('ref_axis',(4.4408920985006E-15,-1.,0.));
#2242=DIRECTION('center_axis',(1.,-3.70074341541719E-16,0.));
#2243=DIRECTION('ref_axis',(3.70074341541719E-16,1.,0.));
#2244=DIRECTION('',(3.70074341541719E-16,1.,0.));
#2245=DIRECTION('center_axis',(1.16465684825938E-32,-3.09919680793695E-34,
1.));
#2246=DIRECTION('ref_axis',(-1.,-4.90461270279391E-32,1.16465684825938E-32));
#2247=DIRECTION('center_axis',(-9.24446373305873E-33,1.53951247301309E-48,
-1.));
#2248=DIRECTION('ref_axis',(-1.,-4.90461270279391E-32,9.24446373305873E-33));
#2249=DIRECTION('center_axis',(3.70074341541719E-16,1.,0.));
#2250=DIRECTION('ref_axis',(-1.,3.70074341541719E-16,0.));
#2251=DIRECTION('',(0.,0.,1.));
#2252=DIRECTION('',(-1.,3.70074341541719E-16,0.));
#2253=DIRECTION('',(0.,0.,1.));
#2254=DIRECTION('center_axis',(0.,0.,1.));
#2255=DIRECTION('ref_axis',(-4.4408920985006E-15,1.,0.));
#2256=DIRECTION('',(0.,0.,1.));
#2257=DIRECTION('center_axis',(0.,0.,1.));
#2258=DIRECTION('ref_axis',(-4.4408920985006E-15,1.,0.));
#2259=DIRECTION('center_axis',(-1.,-4.90461270279391E-32,0.));
#2260=DIRECTION('ref_axis',(4.90461270279391E-32,-1.,0.));
#2261=DIRECTION('',(0.,0.,-1.));
#2262=DIRECTION('',(4.90461270279391E-32,-1.,0.));
#2263=DIRECTION('center_axis',(1.02878025119946E-32,-6.87587289375537E-47,
1.));
#2264=DIRECTION('ref_axis',(-1.,-4.90461270279391E-32,1.02878025119946E-32));
#2265=DIRECTION('center_axis',(-1.02878025119946E-32,6.87587289375537E-47,
-1.));
#2266=DIRECTION('ref_axis',(2.53765262771464E-15,-1.,0.));
#2267=DIRECTION('',(4.90461270279391E-32,-1.,-6.87587289375537E-47));
#2268=DIRECTION('',(-1.,-4.90461270279391E-32,1.02878025119946E-32));
#2269=DIRECTION('center_axis',(-9.24446373305873E-33,1.53951247301309E-48,
-1.));
#2270=DIRECTION('ref_axis',(-1.,-4.90461270279391E-32,9.24446373305874E-33));
#2271=DIRECTION('center_axis',(-1.,-4.90461270279391E-32,0.));
#2272=DIRECTION('ref_axis',(4.90461270279391E-32,-1.,0.));
#2273=DIRECTION('',(4.90461270279391E-32,-1.,-6.945230745049E-47));
#2274=DIRECTION('',(0.,0.,-1.));
#2275=DIRECTION('',(0.,0.,1.));
#2276=DIRECTION('center_axis',(0.,0.,1.));
#2277=DIRECTION('ref_axis',(2.53765262771464E-15,-1.,0.));
#2278=DIRECTION('',(0.,0.,1.));
#2279=DIRECTION('center_axis',(1.,4.90461270279391E-32,0.));
#2280=DIRECTION('ref_axis',(-4.90461270279391E-32,1.,0.));
#2281=DIRECTION('',(0.,0.,1.));
#2282=DIRECTION('',(-4.90461270279391E-32,1.,0.));
#2283=DIRECTION('',(0.,0.,1.));
#2284=DIRECTION('center_axis',(0.,0.,1.));
#2285=DIRECTION('ref_axis',(1.,1.11022302462516E-15,0.));
#2286=DIRECTION('',(0.,0.,1.));
#2287=DIRECTION('center_axis',(0.,0.,1.));
#2288=DIRECTION('ref_axis',(1.,1.11022302462516E-15,0.));
#2289=DIRECTION('center_axis',(-4.90461270279391E-32,1.,0.));
#2290=DIRECTION('ref_axis',(-1.,-4.90461270279391E-32,0.));
#2291=DIRECTION('',(-1.,-4.90461270279391E-32,0.));
#2292=DIRECTION('center_axis',(1.02878025119943E-32,-3.09919680793732E-34,
1.));
#2293=DIRECTION('ref_axis',(-1.,-4.90461270279391E-32,1.02878025119943E-32));
#2294=DIRECTION('center_axis',(-1.02878025119943E-32,3.09919680793732E-34,
-1.));
#2295=DIRECTION('ref_axis',(-1.,-4.90461270279391E-32,0.));
#2296=DIRECTION('',(-1.,-4.90461270279391E-32,1.02878025119943E-32));
#2297=DIRECTION('center_axis',(-9.24446373305873E-33,1.53951247301309E-48,
-1.));
#2298=DIRECTION('ref_axis',(-1.,-4.90461270279391E-32,9.24446373305873E-33));
#2299=DIRECTION('center_axis',(-4.90461270279391E-32,1.,0.));
#2300=DIRECTION('ref_axis',(-1.,-4.90461270279391E-32,0.));
#2301=DIRECTION('',(0.,0.,1.));
#2302=DIRECTION('',(-1.,-4.90461270279391E-32,0.));
#2303=DIRECTION('center_axis',(0.,0.,1.));
#2304=DIRECTION('ref_axis',(-1.,-4.90461270279391E-32,0.));
#2305=DIRECTION('center_axis',(0.,0.,-1.));
#2306=DIRECTION('ref_axis',(-1.,-4.90461270279391E-32,0.));
#2307=DIRECTION('center_axis',(0.,0.,1.));
#2308=DIRECTION('ref_axis',(-1.,4.44089209850064E-15,0.));
#2309=DIRECTION('',(0.,0.,1.));
#2310=DIRECTION('center_axis',(0.,0.,1.));
#2311=DIRECTION('ref_axis',(-1.,4.44089209850064E-15,0.));
#2312=DIRECTION('',(0.,0.,1.));
#2313=DIRECTION('center_axis',(1.48029736616657E-15,-1.,0.));
#2314=DIRECTION('ref_axis',(1.,1.48029736616657E-15,0.));
#2315=DIRECTION('',(1.,1.48029736616657E-15,0.));
#2316=DIRECTION('center_axis',(-1.,-4.90461270279391E-32,0.));
#2317=DIRECTION('ref_axis',(4.90461270279391E-32,-1.,0.));
#2318=DIRECTION('',(4.90461270279391E-32,-1.,0.));
#2319=DIRECTION('center_axis',(1.16465684825938E-32,-6.945230745049E-47,
1.));
#2320=DIRECTION('ref_axis',(-1.,-4.90461270279391E-32,1.16465684825938E-32));
#2321=DIRECTION('center_axis',(-9.24446373305873E-33,1.53951247301309E-48,
-1.));
#2322=DIRECTION('ref_axis',(-1.,-4.90461270279391E-32,9.24446373305874E-33));
#2323=DIRECTION('center_axis',(0.,0.,1.));
#2324=DIRECTION('ref_axis',(-1.,-4.90461270279391E-32,0.));
#2325=DIRECTION('',(-1.2042101589849E-15,-1.,0.));
#2326=DIRECTION('center_axis',(0.,0.,1.));
#2327=DIRECTION('ref_axis',(-1.,-4.90461270279391E-32,0.));
#2328=DIRECTION('',(1.,4.61181852099732E-14,0.));
#2329=DIRECTION('center_axis',(0.,0.,1.));
#2330=DIRECTION('ref_axis',(-1.,-4.90461270279391E-32,0.));
#2331=DIRECTION('',(0.,0.,-1.));
#2332=DIRECTION('center_axis',(-9.24446373305873E-33,1.53951247301309E-48,
-1.));
#2333=DIRECTION('ref_axis',(-1.,-4.90461270279391E-32,9.24446373305873E-33));
#2334=DIRECTION('center_axis',(0.,0.,1.));
#2335=DIRECTION('ref_axis',(-1.,-4.90461270279391E-32,0.));
#2336=DIRECTION('',(0.,0.,-1.));
#2337=DIRECTION('center_axis',(-9.24446373305873E-33,1.53951247301309E-48,
-1.));
#2338=DIRECTION('ref_axis',(-1.,-4.90461270279391E-32,9.24446373305874E-33));
#2339=DIRECTION('center_axis',(0.,0.,1.));
#2340=DIRECTION('ref_axis',(-1.,-4.90461270279391E-32,0.));
#2341=DIRECTION('',(0.,0.,-1.));
#2342=DIRECTION('center_axis',(-9.24446373305873E-33,1.53951247301309E-48,
-1.));
#2343=DIRECTION('ref_axis',(-1.,-4.90461270279391E-32,9.24446373305873E-33));
#2344=DIRECTION('center_axis',(0.,0.,1.));
#2345=DIRECTION('ref_axis',(-1.,-4.90461270279391E-32,0.));
#2346=DIRECTION('',(0.,0.,-1.));
#2347=DIRECTION('center_axis',(-9.24446373305873E-33,1.53951247301309E-48,
-1.));
#2348=DIRECTION('ref_axis',(-1.,-4.90461270279391E-32,9.24446373305874E-33));
#2349=DIRECTION('center_axis',(-1.,1.2042101589849E-15,0.));
#2350=DIRECTION('ref_axis',(-1.2042101589849E-15,-1.,0.));
#2351=DIRECTION('',(1.2042101589849E-15,1.,0.));
#2352=DIRECTION('',(0.,0.,1.));
#2353=DIRECTION('',(0.,0.,1.));
#2354=DIRECTION('center_axis',(0.,0.,1.));
#2355=DIRECTION('ref_axis',(-4.90461270279391E-32,1.,0.));
#2356=DIRECTION('center_axis',(0.,0.,1.));
#2357=DIRECTION('ref_axis',(-4.90461270279391E-32,1.,0.));
#2358=DIRECTION('',(0.,0.,1.));
#2359=DIRECTION('center_axis',(-4.90461270279391E-32,1.,0.));
#2360=DIRECTION('ref_axis',(-1.,-4.90461270279391E-32,0.));
#2361=DIRECTION('',(1.,4.90461270279391E-32,0.));
#2362=DIRECTION('',(0.,0.,1.));
#2363=DIRECTION('center_axis',(0.,0.,1.));
#2364=DIRECTION('ref_axis',(1.,4.90461270279391E-32,0.));
#2365=DIRECTION('center_axis',(0.,0.,1.));
#2366=DIRECTION('ref_axis',(1.,4.90461270279391E-32,0.));
#2367=DIRECTION('',(0.,0.,1.));
#2368=DIRECTION('center_axis',(1.,4.90461270279391E-32,0.));
#2369=DIRECTION('ref_axis',(-4.90461270279391E-32,1.,0.));
#2370=DIRECTION('',(4.90461270279391E-32,-1.,0.));
#2371=DIRECTION('',(0.,0.,1.));
#2372=DIRECTION('center_axis',(0.,0.,1.));
#2373=DIRECTION('ref_axis',(4.90461270279391E-32,-1.,0.));
#2374=DIRECTION('center_axis',(0.,0.,1.));
#2375=DIRECTION('ref_axis',(4.90461270279391E-32,-1.,0.));
#2376=DIRECTION('',(0.,0.,1.));
#2377=DIRECTION('center_axis',(4.61181852099732E-14,-1.,0.));
#2378=DIRECTION('ref_axis',(1.,4.61181852099732E-14,0.));
#2379=DIRECTION('',(-1.,-4.61181852099732E-14,0.));
#2380=DIRECTION('',(0.,0.,1.));
#2381=DIRECTION('center_axis',(0.,0.,1.));
#2382=DIRECTION('ref_axis',(-1.,-4.90461270279391E-32,0.));
#2383=DIRECTION('center_axis',(0.,0.,1.));
#2384=DIRECTION('ref_axis',(-1.,-4.90461270279391E-32,0.));
#2385=DIRECTION('center_axis',(0.,0.,1.));
#2386=DIRECTION('ref_axis',(-1.,-4.90461270279391E-32,0.));
#2387=DIRECTION('',(-6.13412464432431E-19,1.12150122181018E-18,1.));
#2388=DIRECTION('',(1.,-5.55111512312578E-17,-1.73472347597681E-18));
#2389=CARTESIAN_POINT('',(0.,0.,0.));
#2390=CARTESIAN_POINT('',(0.,0.,0.));
#2391=CARTESIAN_POINT('Origin',(74.1326946484054,6.31754827466845,4.51));
#2392=CARTESIAN_POINT('',(74.1326946484054,6.31754827466845,4.51));
#2393=CARTESIAN_POINT('',(44.1326946484147,6.31754827466845,4.51));
#2394=CARTESIAN_POINT('',(57.5076946484084,6.31754827466845,4.51));
#2395=CARTESIAN_POINT('',(74.1326946484054,6.31754827466845,2.51));
#2396=CARTESIAN_POINT('',(74.1326946484054,6.31754827466845,4.51));
#2397=CARTESIAN_POINT('',(44.1326946484147,6.31754827466845,2.51));
#2398=CARTESIAN_POINT('',(44.1326946484147,6.31754827466845,2.51));
#2399=CARTESIAN_POINT('',(44.1326946484147,6.31754827466845,4.51));
#2400=CARTESIAN_POINT('Origin',(74.1326946484054,9.81754827466844,4.51));
#2401=CARTESIAN_POINT('',(77.6326946484054,9.81754827466845,4.51));
#2402=CARTESIAN_POINT('Origin',(74.1326946484054,9.81754827466844,4.51));
#2403=CARTESIAN_POINT('',(77.6326946484054,9.81754827466845,2.51));
#2404=CARTESIAN_POINT('',(77.6326946484054,9.81754827466845,4.51));
#2405=CARTESIAN_POINT('Origin',(74.1326946484054,9.81754827466844,2.51));
#2406=CARTESIAN_POINT('Origin',(77.6326946484054,82.4175482746692,4.51));
#2407=CARTESIAN_POINT('',(77.6326946484069,82.4175482746692,4.51));
#2408=CARTESIAN_POINT('',(77.6326946484053,64.2675482746688,4.51));
#2409=CARTESIAN_POINT('',(77.6326946484069,82.4175482746692,2.51));
#2410=CARTESIAN_POINT('',(77.6326946484069,82.4175482746692,4.51));
#2411=CARTESIAN_POINT('',(77.6326946484054,9.81754827466845,2.51));
#2412=CARTESIAN_POINT('Origin',(74.1326946484069,82.4175482746692,4.51));
#2413=CARTESIAN_POINT('',(74.132694648407,85.9175482746692,4.51));
#2414=CARTESIAN_POINT('Origin',(74.1326946484069,82.4175482746692,4.51));
#2415=CARTESIAN_POINT('',(74.132694648407,85.9175482746692,2.51));
#2416=CARTESIAN_POINT('',(74.132694648407,85.9175482746692,4.51));
#2417=CARTESIAN_POINT('Origin',(74.1326946484069,82.4175482746692,2.51));
#2418=CARTESIAN_POINT('Origin',(7.63269464841498,85.9175482746692,4.51));
#2419=CARTESIAN_POINT('',(7.63269464841498,85.9175482746692,4.51));
#2420=CARTESIAN_POINT('',(24.2576946484132,85.9175482746692,4.51));
#2421=CARTESIAN_POINT('',(7.63269464841498,85.9175482746692,2.51));
#2422=CARTESIAN_POINT('',(7.63269464841498,85.9175482746692,4.51));
#2423=CARTESIAN_POINT('',(7.63269464841498,85.9175482746692,2.51));
#2424=CARTESIAN_POINT('Origin',(7.63269464841498,82.4175482746692,4.51));
#2425=CARTESIAN_POINT('',(4.13269464841497,82.4175482746692,4.51));
#2426=CARTESIAN_POINT('Origin',(7.63269464841498,82.4175482746692,4.51));
#2427=CARTESIAN_POINT('',(4.13269464841497,82.4175482746692,2.51));
#2428=CARTESIAN_POINT('',(4.13269464841497,82.4175482746692,4.51));
#2429=CARTESIAN_POINT('Origin',(7.63269464841498,82.4175482746692,2.51));
#2430=CARTESIAN_POINT('Origin',(4.13269464841498,38.3175482746658,4.51));
#2431=CARTESIAN_POINT('',(4.13269464841498,38.3175482746658,4.51));
#2432=CARTESIAN_POINT('',(4.13269464841498,42.2175482746671,4.51));
#2433=CARTESIAN_POINT('',(4.13269464841498,38.3175482746658,2.51));
#2434=CARTESIAN_POINT('',(4.13269464841498,38.3175482746658,4.51));
#2435=CARTESIAN_POINT('',(4.13269464841498,38.3175482746658,2.51));
#2436=CARTESIAN_POINT('Origin',(44.1326946484147,38.3175482746658,4.51));
#2437=CARTESIAN_POINT('',(44.1326946484147,38.3175482746658,4.51));
#2438=CARTESIAN_POINT('',(42.507694648413,38.3175482746658,4.51));
#2439=CARTESIAN_POINT('',(44.1326946484147,38.3175482746658,2.51));
#2440=CARTESIAN_POINT('',(44.1326946484147,38.3175482746658,4.51));
#2441=CARTESIAN_POINT('',(77.6326946484069,38.3175482746658,2.51));
#2442=CARTESIAN_POINT('Origin',(44.1326946484147,6.31754827466845,4.51));
#2443=CARTESIAN_POINT('',(44.1326946484147,26.2175482746684,4.51));
#2444=CARTESIAN_POINT('',(44.1326946484147,38.3175482746658,2.51));
#2445=CARTESIAN_POINT('Origin',(40.882694648411,46.1175482746688,2.51));
#2446=CARTESIAN_POINT('',(72.632694648416,7.81754827466592,2.51));
#2447=CARTESIAN_POINT('',(76.1326946484091,11.3175482746691,2.51));
#2448=CARTESIAN_POINT('Origin',(72.6326946484091,11.3175482746659,2.51));
#2449=CARTESIAN_POINT('',(45.6326946484147,7.81754827466592,2.51));
#2450=CARTESIAN_POINT('',(56.7576946484135,7.81754827466592,2.51));
#2451=CARTESIAN_POINT('',(45.6326946484147,39.8175482746658,2.51));
#2452=CARTESIAN_POINT('',(45.6326946484147,26.9675482746674,2.51));
#2453=CARTESIAN_POINT('',(5.63269464841468,39.8175482746658,2.51));
#2454=CARTESIAN_POINT('',(43.2576946484128,39.8175482746658,2.51));
#2455=CARTESIAN_POINT('',(5.63269464841468,80.9175482746683,2.51));
#2456=CARTESIAN_POINT('',(5.63269464841467,28.717548274669,2.51));
#2457=CARTESIAN_POINT('',(9.13269464841467,84.4175482746702,2.51));
#2458=CARTESIAN_POINT('Origin',(9.13269464841467,80.9175482746702,2.51));
#2459=CARTESIAN_POINT('',(72.632694648416,84.4175482746702,2.51));
#2460=CARTESIAN_POINT('',(25.0076946484138,84.4175482746702,2.51));
#2461=CARTESIAN_POINT('',(76.1326946484091,80.9175482746683,2.51));
#2462=CARTESIAN_POINT('Origin',(72.6326946484092,80.9175482746703,2.51));
#2463=CARTESIAN_POINT('',(76.1326946484078,63.5175482746685,2.51));
#2464=CARTESIAN_POINT('Origin',(72.6326946484092,80.9175482746703,-20.));
#2465=CARTESIAN_POINT('',(72.6326946484092,84.4175482746702,-5.));
#2466=CARTESIAN_POINT('',(72.632694648416,84.4175482746702,-20.));
#2467=CARTESIAN_POINT('',(76.1326946484091,80.9175482746703,-5.));
#2468=CARTESIAN_POINT('Origin',(72.6326946484092,80.9175482746703,-5.));
#2469=CARTESIAN_POINT('',(76.1326946484091,80.9175482746683,-20.));
#2470=CARTESIAN_POINT('Origin',(9.13269464841664,84.4175482746702,-20.));
#2471=CARTESIAN_POINT('',(9.13269464841467,84.4175482746702,-5.));
#2472=CARTESIAN_POINT('',(9.13269464841664,84.4175482746702,-20.));
#2473=CARTESIAN_POINT('',(13.6326946484147,84.4175482746702,-5.));
#2474=CARTESIAN_POINT('',(9.38269464841566,84.4175482746702,-5.));
#2475=CARTESIAN_POINT('',(13.6326946484147,84.4175482746702,-17.));
#2476=CARTESIAN_POINT('',(13.6326946484147,84.4175482746702,-20.));
#2477=CARTESIAN_POINT('',(68.1326946484079,84.4175482746702,-17.));
#2478=CARTESIAN_POINT('',(25.007694648414,84.4175482746702,-17.));
#2479=CARTESIAN_POINT('',(68.1326946484079,84.4175482746702,-5.));
#2480=CARTESIAN_POINT('',(68.1326946484079,84.4175482746702,-20.));
#2481=CARTESIAN_POINT('',(40.6326946484126,84.4175482746702,-5.));
#2482=CARTESIAN_POINT('',(29.7167280119859,84.4175482746692,-14.329999672164));
#2483=CARTESIAN_POINT('',(29.7167280119859,84.4175482746692,-13.379999672164));
#2484=CARTESIAN_POINT('',(29.7167280119859,84.4175482746702,-16.689999836082));
#2485=CARTESIAN_POINT('',(30.7167280119859,84.4175482746692,-12.379999672164));
#2486=CARTESIAN_POINT('Origin',(30.7167280119859,84.4175482746702,-13.379999672164));
#2487=CARTESIAN_POINT('',(40.716728011986,84.4175482746692,-12.379999672164));
#2488=CARTESIAN_POINT('',(24.9247113302013,84.4175482746702,-12.379999672164));
#2489=CARTESIAN_POINT('',(41.716728011986,84.4175482746692,-13.379999672164));
#2490=CARTESIAN_POINT('Origin',(40.716728011986,84.4175482746702,-13.379999672164));
#2491=CARTESIAN_POINT('',(41.716728011986,84.4175482746692,-14.329999672164));
#2492=CARTESIAN_POINT('',(41.716728011986,84.4175482746702,-17.164999836082));
#2493=CARTESIAN_POINT('',(40.716728011986,84.4175482746692,-15.329999672164));
#2494=CARTESIAN_POINT('Origin',(40.716728011986,84.4175482746702,-14.329999672164));
#2495=CARTESIAN_POINT('',(30.7167280119859,84.4175482746692,-15.329999672164));
#2496=CARTESIAN_POINT('',(19.9247113302013,84.4175482746702,-15.329999672164));
#2497=CARTESIAN_POINT('Origin',(30.7167280119859,84.4175482746702,-14.329999672164));
#2498=CARTESIAN_POINT('Origin',(9.13269464841467,80.9175482746702,-20.));
#2499=CARTESIAN_POINT('',(5.63269464841467,80.9175482746702,-5.));
#2500=CARTESIAN_POINT('',(5.63269464841467,80.9175482746683,-20.));
#2501=CARTESIAN_POINT('Origin',(9.13269464841467,80.9175482746702,-5.));
#2502=CARTESIAN_POINT('Origin',(5.63269464841467,11.3175482746692,-20.));
#2503=CARTESIAN_POINT('',(5.63269464841467,39.8175482746658,-3.49));
#2504=CARTESIAN_POINT('',(5.63269464841467,39.8175482746658,-3.49));
#2505=CARTESIAN_POINT('',(5.63269464841467,36.8175482746658,-3.49));
#2506=CARTESIAN_POINT('',(5.63269464841467,76.4175482746702,-3.49));
#2507=CARTESIAN_POINT('',(5.63269464841674,11.3175482746692,-3.49));
#2508=CARTESIAN_POINT('',(5.63269464841467,76.4175482746702,-3.49));
#2509=CARTESIAN_POINT('',(5.63269464841674,11.3175482746659,-5.));
#2510=CARTESIAN_POINT('',(5.63269464841674,11.3175482746692,-20.));
#2511=CARTESIAN_POINT('',(5.63269464841674,15.8175482746659,-5.));
#2512=CARTESIAN_POINT('',(5.63269464841467,11.5675482746676,-5.));
#2513=CARTESIAN_POINT('',(5.63269464841674,15.8175482746659,-17.));
#2514=CARTESIAN_POINT('',(5.63269464841467,15.8175482746659,-20.));
#2515=CARTESIAN_POINT('',(5.63269464841467,76.4175482746702,-17.));
#2516=CARTESIAN_POINT('',(5.63269464841468,28.7175482746684,-17.));
#2517=CARTESIAN_POINT('',(5.63269464841467,76.4175482746702,-5.));
#2518=CARTESIAN_POINT('',(5.63269464841467,76.4175482746702,-20.));
#2519=CARTESIAN_POINT('',(5.63269464841467,45.8675482746697,-5.));
#2520=CARTESIAN_POINT('',(5.63269464841472,50.9275482746703,-11.025));
#2521=CARTESIAN_POINT('',(5.63269464841472,50.9275482746703,-8.875));
#2522=CARTESIAN_POINT('',(5.63269464841467,50.9275482746703,-14.4375));
#2523=CARTESIAN_POINT('',(5.63269464841472,52.9275482746703,-6.875));
#2524=CARTESIAN_POINT('Origin',(5.63269464841467,52.9275482746703,-8.875));
#2525=CARTESIAN_POINT('',(5.63269464841472,59.9275482746663,-6.875));
#2526=CARTESIAN_POINT('',(5.63269464841467,35.6225482746677,-6.875));
#2527=CARTESIAN_POINT('',(5.63269464841472,61.9275482746663,-8.87500000000001));
#2528=CARTESIAN_POINT('Origin',(5.63269464841467,59.9275482746663,-8.87500000000001));
#2529=CARTESIAN_POINT('',(5.63269464841472,61.9275482746663,-11.025));
#2530=CARTESIAN_POINT('',(5.63269464841467,61.9275482746663,-15.5125));
#2531=CARTESIAN_POINT('',(5.63269464841472,59.9275482746663,-13.025));
#2532=CARTESIAN_POINT('Origin',(5.63269464841467,59.9275482746663,-11.025));
#2533=CARTESIAN_POINT('',(5.63269464841472,52.9275482746703,-13.025));
#2534=CARTESIAN_POINT('',(5.63269464841467,32.1225482746698,-13.025));
#2535=CARTESIAN_POINT('Origin',(5.63269464841467,52.9275482746703,-11.025));
#2536=CARTESIAN_POINT('Origin',(45.6326946484147,39.8175482746658,-3.49));
#2537=CARTESIAN_POINT('',(45.6326946484147,39.8175482746658,-3.49));
#2538=CARTESIAN_POINT('',(45.6326946484147,39.8175482746658,-3.49));
#2539=CARTESIAN_POINT('',(5.63269464841467,39.8175482746658,-3.49));
#2540=CARTESIAN_POINT('Origin',(45.6326946484147,7.81754827466592,-3.49));
#2541=CARTESIAN_POINT('',(45.6326946484147,7.81754827466592,-3.49));
#2542=CARTESIAN_POINT('',(45.6326946484147,7.81754827466592,-3.49));
#2543=CARTESIAN_POINT('',(45.6326946484147,39.8175482746658,-3.49));
#2544=CARTESIAN_POINT('Origin',(2.63269464841484,36.8175482746658,-3.49));
#2545=CARTESIAN_POINT('',(42.6326946484147,36.8175482746658,-3.49));
#2546=CARTESIAN_POINT('',(5.63269464841467,36.8175482746658,-3.49));
#2547=CARTESIAN_POINT('',(42.6326946484147,36.8175482746658,4.51));
#2548=CARTESIAN_POINT('',(42.6326946484147,36.8175482746658,-3.49));
#2549=CARTESIAN_POINT('',(2.63269464841484,36.8175482746658,4.51));
#2550=CARTESIAN_POINT('',(5.63269464841467,36.8175482746658,4.51));
#2551=CARTESIAN_POINT('',(2.63269464841484,36.8175482746658,-3.49));
#2552=CARTESIAN_POINT('',(2.63269464841484,36.8175482746658,-3.49));
#2553=CARTESIAN_POINT('',(21.757694648413,36.8175482746657,-3.49));
#2554=CARTESIAN_POINT('Origin',(42.6326946484147,36.8175482746658,-3.49));
#2555=CARTESIAN_POINT('',(42.6326946484147,7.81754827466592,-3.49));
#2556=CARTESIAN_POINT('',(42.6326946484147,36.8175482746658,-3.49));
#2557=CARTESIAN_POINT('',(42.6326946484147,4.81754827466761,-3.49));
#2558=CARTESIAN_POINT('',(42.6326946484147,41.4675482746667,-3.49));
#2559=CARTESIAN_POINT('',(42.6326946484147,4.8175482746676,4.51));
#2560=CARTESIAN_POINT('',(42.6326946484147,4.81754827466761,-3.49));
#2561=CARTESIAN_POINT('',(42.6326946484147,36.8175482746658,4.51));
#2562=CARTESIAN_POINT('Origin',(40.8826946484113,46.1175482746684,4.51));
#2563=CARTESIAN_POINT('',(75.6326946484079,4.81754827466913,4.51));
#2564=CARTESIAN_POINT('',(42.6326946484147,4.81754827466761,4.51));
#2565=CARTESIAN_POINT('',(79.1326946484047,8.31754827466592,4.51));
#2566=CARTESIAN_POINT('Origin',(75.6326946484079,8.31754827466592,4.51));
#2567=CARTESIAN_POINT('',(79.1326946484079,83.9175482746692,4.51));
#2568=CARTESIAN_POINT('',(79.1326946484047,8.31754827466592,4.51));
#2569=CARTESIAN_POINT('',(75.6326946484079,87.4175482746692,4.51));
#2570=CARTESIAN_POINT('Origin',(75.6326946484079,83.9175482746692,4.51));
#2571=CARTESIAN_POINT('',(6.13269464841466,87.4175482746692,4.51));
#2572=CARTESIAN_POINT('',(75.6326946484079,87.4175482746692,4.51));
#2573=CARTESIAN_POINT('',(2.63269464841511,83.9175482746697,4.51));
#2574=CARTESIAN_POINT('Origin',(6.13269464841467,83.9175482746697,4.51));
#2575=CARTESIAN_POINT('',(2.63269464841511,83.9175482746697,4.51));
#2576=CARTESIAN_POINT('Origin',(40.8826946484113,46.1175482746684,-3.49));
#2577=CARTESIAN_POINT('',(13.6326946484167,7.81754827466592,-3.49));
#2578=CARTESIAN_POINT('Origin',(2.63269464841472,50.9275482746703,-8.875));
#2579=CARTESIAN_POINT('',(2.63269464841472,50.9275482746703,-8.875));
#2580=CARTESIAN_POINT('',(2.63269464841472,50.9275482746703,-11.025));
#2581=CARTESIAN_POINT('',(2.63269464841472,50.9275482746703,-14.4375));
#2582=CARTESIAN_POINT('',(2.63269464841472,50.9275482746703,-8.875));
#2583=CARTESIAN_POINT('',(2.63269464841472,50.9275482746703,-11.025));
#2584=CARTESIAN_POINT('Origin',(2.63269464841472,52.9275482746703,-8.875));
#2585=CARTESIAN_POINT('',(2.63269464841472,52.9275482746703,-6.875));
#2586=CARTESIAN_POINT('Origin',(2.63269464841476,52.9275482746703,-8.875));
#2587=CARTESIAN_POINT('',(2.63269464841472,52.9275482746703,-6.875));
#2588=CARTESIAN_POINT('Origin',(2.63269464841472,59.9275482746663,-6.875));
#2589=CARTESIAN_POINT('',(2.63269464841472,59.9275482746663,-6.875));
#2590=CARTESIAN_POINT('',(2.63269464841475,71.922548274668,-6.875));
#2591=CARTESIAN_POINT('',(2.63269464841472,59.9275482746663,-6.875));
#2592=CARTESIAN_POINT('Origin',(2.63269464841472,59.9275482746663,-8.87500000000001));
#2593=CARTESIAN_POINT('',(2.63269464841472,61.9275482746663,-8.87500000000001));
#2594=CARTESIAN_POINT('Origin',(2.63269464841476,59.9275482746663,-8.87500000000001));
#2595=CARTESIAN_POINT('',(2.63269464841472,61.9275482746663,-8.87500000000001));
#2596=CARTESIAN_POINT('Origin',(2.63269464841472,61.9275482746663,-11.025));
#2597=CARTESIAN_POINT('',(2.63269464841472,61.9275482746663,-11.025));
#2598=CARTESIAN_POINT('',(2.63269464841474,61.9275482746663,-15.5125));
#2599=CARTESIAN_POINT('',(2.63269464841472,61.9275482746663,-11.025));
#2600=CARTESIAN_POINT('Origin',(2.63269464841472,59.9275482746663,-11.025));
#2601=CARTESIAN_POINT('',(2.63269464841472,59.9275482746663,-13.025));
#2602=CARTESIAN_POINT('Origin',(2.63269464841476,59.9275482746663,-11.025));
#2603=CARTESIAN_POINT('',(2.63269464841472,59.9275482746663,-13.025));
#2604=CARTESIAN_POINT('Origin',(2.63269464841472,52.9275482746703,-13.025));
#2605=CARTESIAN_POINT('',(2.63269464841472,52.9275482746703,-13.025));
#2606=CARTESIAN_POINT('',(2.63269464841474,68.42254827467,-13.025));
#2607=CARTESIAN_POINT('',(2.63269464841472,52.9275482746703,-13.025));
#2608=CARTESIAN_POINT('Origin',(2.63269464841472,52.9275482746703,-11.025));
#2609=CARTESIAN_POINT('Origin',(2.63269464841476,52.9275482746703,-11.025));
#2610=CARTESIAN_POINT('Origin',(29.7167280119859,87.4175482746692,-13.379999672164));
#2611=CARTESIAN_POINT('',(29.7167280119859,87.4175482746692,-13.379999672164));
#2612=CARTESIAN_POINT('',(29.7167280119859,87.4175482746692,-14.329999672164));
#2613=CARTESIAN_POINT('',(29.7167280119859,87.4175482746692,-16.689999836082));
#2614=CARTESIAN_POINT('',(29.7167280119859,87.4175482746692,-13.379999672164));
#2615=CARTESIAN_POINT('',(29.7167280119859,87.4175482746692,-14.329999672164));
#2616=CARTESIAN_POINT('Origin',(30.7167280119859,87.4175482746692,-13.379999672164));
#2617=CARTESIAN_POINT('',(30.7167280119859,87.4175482746692,-12.379999672164));
#2618=CARTESIAN_POINT('Origin',(30.7167280119859,87.4175482746692,-13.379999672164));
#2619=CARTESIAN_POINT('',(30.7167280119859,87.4175482746692,-12.379999672164));
#2620=CARTESIAN_POINT('Origin',(40.716728011986,87.4175482746692,-12.379999672164));
#2621=CARTESIAN_POINT('',(40.716728011986,87.4175482746692,-12.379999672164));
#2622=CARTESIAN_POINT('',(58.1747113301969,87.4175482746692,-12.379999672164));
#2623=CARTESIAN_POINT('',(40.716728011986,87.4175482746692,-12.379999672164));
#2624=CARTESIAN_POINT('Origin',(40.716728011986,87.4175482746692,-13.379999672164));
#2625=CARTESIAN_POINT('',(41.716728011986,87.4175482746692,-13.379999672164));
#2626=CARTESIAN_POINT('Origin',(40.716728011986,87.4175482746692,-13.379999672164));
#2627=CARTESIAN_POINT('',(41.716728011986,87.4175482746692,-13.379999672164));
#2628=CARTESIAN_POINT('Origin',(41.716728011986,87.4175482746692,-14.329999672164));
#2629=CARTESIAN_POINT('',(41.716728011986,87.4175482746692,-14.329999672164));
#2630=CARTESIAN_POINT('',(41.716728011986,87.4175482746692,-17.164999836082));
#2631=CARTESIAN_POINT('',(41.716728011986,87.4175482746692,-14.329999672164));
#2632=CARTESIAN_POINT('Origin',(40.716728011986,87.4175482746692,-14.329999672164));
#2633=CARTESIAN_POINT('',(40.716728011986,87.4175482746692,-15.329999672164));
#2634=CARTESIAN_POINT('Origin',(40.716728011986,87.4175482746692,-14.329999672164));
#2635=CARTESIAN_POINT('',(40.716728011986,87.4175482746692,-15.329999672164));
#2636=CARTESIAN_POINT('Origin',(30.7167280119859,87.4175482746692,-15.329999672164));
#2637=CARTESIAN_POINT('',(30.7167280119859,87.4175482746692,-15.329999672164));
#2638=CARTESIAN_POINT('',(53.1747113301969,87.4175482746692,-15.329999672164));
#2639=CARTESIAN_POINT('',(30.7167280119859,87.4175482746692,-15.329999672164));
#2640=CARTESIAN_POINT('Origin',(30.7167280119859,87.4175482746692,-14.329999672164));
#2641=CARTESIAN_POINT('Origin',(30.7167280119859,87.4175482746692,-14.329999672164));
#2642=CARTESIAN_POINT('Origin',(23.6326946484147,81.4175482746702,-17.));
#2643=CARTESIAN_POINT('',(24.8826946484147,81.4175482746702,-17.));
#2644=CARTESIAN_POINT('Origin',(23.6326946484147,81.4175482746702,-17.));
#2645=CARTESIAN_POINT('',(24.8826946484147,81.4175482746702,-20.));
#2646=CARTESIAN_POINT('',(24.8826946484147,81.4175482746702,-17.));
#2647=CARTESIAN_POINT('Origin',(23.6326946484147,81.4175482746702,-20.));
#2648=CARTESIAN_POINT('Origin',(45.8576946484147,81.4175482746702,-17.));
#2649=CARTESIAN_POINT('',(47.1076946484147,81.4175482746702,-17.));
#2650=CARTESIAN_POINT('Origin',(45.8576946484147,81.4175482746702,-17.));
#2651=CARTESIAN_POINT('',(47.1076946484147,81.4175482746702,-20.));
#2652=CARTESIAN_POINT('',(47.1076946484147,81.4175482746702,-17.));
#2653=CARTESIAN_POINT('Origin',(45.8576946484147,81.4175482746702,-20.));
#2654=CARTESIAN_POINT('Origin',(61.6326946484081,4.81754827466753,-12.9));
#2655=CARTESIAN_POINT('',(59.1326946484081,4.81754827466753,-12.9));
#2656=CARTESIAN_POINT('Origin',(61.6326946484081,4.81754827466592,-12.9));
#2657=CARTESIAN_POINT('',(59.1326946484081,7.81754827466753,-12.9));
#2658=CARTESIAN_POINT('',(59.1326946484081,4.81754827466753,-12.9));
#2659=CARTESIAN_POINT('Origin',(61.6326946484081,7.81754827466592,-12.9));
#2660=CARTESIAN_POINT('Origin',(49.6326946484079,18.8175482746659,-15.));
#2661=CARTESIAN_POINT('',(31.1326946484079,21.9355822634157,-15.));
#2662=CARTESIAN_POINT('',(33.632694648408,20.8175482746659,-15.));
#2663=CARTESIAN_POINT('Origin',(32.132694648408,20.8175482746659,-15.));
#2664=CARTESIAN_POINT('',(31.1326946484079,19.6995142859161,-15.));
#2665=CARTESIAN_POINT('Origin',(32.132694648408,20.8175482746659,-15.));
#2666=CARTESIAN_POINT('',(31.1326946484079,7.81754827466592,-15.));
#2667=CARTESIAN_POINT('',(31.1326946484079,7.81754827466592,-15.));
#2668=CARTESIAN_POINT('',(34.1326946484079,7.81754827466592,-15.));
#2669=CARTESIAN_POINT('',(61.1326946484119,7.81754827466592,-15.));
#2670=CARTESIAN_POINT('',(34.1326946484078,24.8175482746659,-15.));
#2671=CARTESIAN_POINT('',(34.1326946484079,24.8175482746659,-15.));
#2672=CARTESIAN_POINT('',(36.1326946484078,26.8175482746659,-15.));
#2673=CARTESIAN_POINT('Origin',(36.1326946484078,24.8175482746659,-15.));
#2674=CARTESIAN_POINT('',(68.1326946484079,26.8175482746659,-15.));
#2675=CARTESIAN_POINT('',(68.1326946484079,26.8175482746659,-15.));
#2676=CARTESIAN_POINT('',(68.1326946484079,29.8175482746659,-15.));
#2677=CARTESIAN_POINT('',(68.1326946484079,29.8175482746659,-15.));
#2678=CARTESIAN_POINT('',(31.1326946484079,29.8175482746659,-15.));
#2679=CARTESIAN_POINT('',(34.1326946484079,29.8175482746659,-15.));
#2680=CARTESIAN_POINT('',(31.1326946484079,7.81754827466592,-15.));
#2681=CARTESIAN_POINT('Origin',(31.1326946484079,29.8175482746659,-17.));
#2682=CARTESIAN_POINT('',(31.1326946484079,19.6995142859161,-17.));
#2683=CARTESIAN_POINT('',(31.1326946484079,19.6995142859161,-17.));
#2684=CARTESIAN_POINT('',(31.1326946484079,7.81754827466592,-17.));
#2685=CARTESIAN_POINT('',(31.1326946484079,37.9675482746667,-17.));
#2686=CARTESIAN_POINT('',(31.1326946484079,7.81754827466592,-18.5));
#2687=CARTESIAN_POINT('Origin',(72.1326946484079,20.8175482746659,-17.));
#2688=CARTESIAN_POINT('',(73.632694648408,20.8175482746659,-17.));
#2689=CARTESIAN_POINT('Origin',(72.1326946484079,20.8175482746659,-17.));
#2690=CARTESIAN_POINT('',(73.632694648408,20.8175482746659,-20.));
#2691=CARTESIAN_POINT('',(73.632694648408,20.8175482746659,-17.));
#2692=CARTESIAN_POINT('Origin',(72.1326946484079,20.8175482746659,-20.));
#2693=CARTESIAN_POINT('Origin',(32.132694648408,20.8175482746659,-17.));
#2694=CARTESIAN_POINT('',(31.1326946484079,21.9355822634157,-17.));
#2695=CARTESIAN_POINT('Origin',(32.132694648408,20.8175482746659,-17.));
#2696=CARTESIAN_POINT('',(33.632694648408,20.8175482746659,-20.));
#2697=CARTESIAN_POINT('',(33.632694648408,20.8175482746659,-17.));
#2698=CARTESIAN_POINT('Origin',(32.132694648408,20.8175482746659,-20.));
#2699=CARTESIAN_POINT('',(31.1326946484079,21.9355822634157,-17.));
#2700=CARTESIAN_POINT('Origin',(36.1326946484078,24.8175482746659,-17.));
#2701=CARTESIAN_POINT('',(36.1326946484078,26.8175482746659,-17.));
#2702=CARTESIAN_POINT('',(34.1326946484078,24.8175482746659,-17.));
#2703=CARTESIAN_POINT('Origin',(36.1326946484078,24.8175482746659,-17.));
#2704=CARTESIAN_POINT('',(36.1326946484078,26.8175482746659,-17.));
#2705=CARTESIAN_POINT('',(34.1326946484078,24.8175482746659,-17.));
#2706=CARTESIAN_POINT('Origin',(34.1326946484079,7.81754827466592,-17.));
#2707=CARTESIAN_POINT('',(34.1326946484079,7.81754827466592,-17.));
#2708=CARTESIAN_POINT('',(34.1326946484079,26.9675482746667,-17.));
#2709=CARTESIAN_POINT('',(34.1326946484078,7.81754827466592,-18.5));
#2710=CARTESIAN_POINT('Origin',(31.1326946484079,29.8175482746659,-17.));
#2711=CARTESIAN_POINT('',(31.1326946484079,29.8175482746659,-17.));
#2712=CARTESIAN_POINT('',(31.1326946484079,29.8175482746659,-17.));
#2713=CARTESIAN_POINT('',(31.1326946484079,37.9675482746667,-17.));
#2714=CARTESIAN_POINT('Origin',(68.1326946484079,29.8175482746659,-17.));
#2715=CARTESIAN_POINT('',(68.1326946484079,29.8175482746659,-17.));
#2716=CARTESIAN_POINT('',(54.5076946484096,29.8175482746659,-17.));
#2717=CARTESIAN_POINT('',(68.1326946484079,29.8175482746659,-17.));
#2718=CARTESIAN_POINT('Origin',(68.1326946484079,26.8175482746659,-17.));
#2719=CARTESIAN_POINT('',(68.1326946484079,26.8175482746659,-17.));
#2720=CARTESIAN_POINT('',(68.1326946484079,36.4675482746667,-17.));
#2721=CARTESIAN_POINT('',(68.1326946484079,26.8175482746659,-17.));
#2722=CARTESIAN_POINT('Origin',(36.1326946484078,26.8175482746659,-17.));
#2723=CARTESIAN_POINT('',(38.5076946484096,26.8175482746659,-17.));
#2724=CARTESIAN_POINT('Origin',(40.8826946484113,46.1175482746676,-17.));
#2725=CARTESIAN_POINT('',(68.1326946484078,7.81754827466592,-17.));
#2726=CARTESIAN_POINT('',(56.7576946484136,7.81754827466592,-17.));
#2727=CARTESIAN_POINT('',(68.1326946484078,13.8175482746659,-17.));
#2728=CARTESIAN_POINT('',(68.1326946484078,29.9675482746667,-17.));
#2729=CARTESIAN_POINT('',(70.1326946484079,15.8175482746659,-17.));
#2730=CARTESIAN_POINT('Origin',(70.1326946484079,13.8175482746659,-17.));
#2731=CARTESIAN_POINT('',(76.1326946484078,15.8175482746659,-17.));
#2732=CARTESIAN_POINT('',(58.5076946484096,15.8175482746659,-17.));
#2733=CARTESIAN_POINT('',(76.1326946484091,76.4175482746702,-17.));
#2734=CARTESIAN_POINT('',(76.1326946484078,63.5175482746679,-17.));
#2735=CARTESIAN_POINT('',(70.1326946484079,76.4175482746702,-17.));
#2736=CARTESIAN_POINT('',(55.5076946484095,76.4175482746702,-17.));
#2737=CARTESIAN_POINT('',(68.1326946484079,78.4175482746702,-17.));
#2738=CARTESIAN_POINT('Origin',(70.1326946484079,78.4175482746702,-17.));
#2739=CARTESIAN_POINT('',(68.1326946484079,65.2675482746689,-17.));
#2740=CARTESIAN_POINT('',(13.6326946484147,78.4175482746702,-17.));
#2741=CARTESIAN_POINT('',(13.6326946484147,62.2675482746689,-17.));
#2742=CARTESIAN_POINT('',(11.6326946484147,76.4175482746702,-17.));
#2743=CARTESIAN_POINT('Origin',(11.6326946484147,78.4175482746702,-17.));
#2744=CARTESIAN_POINT('',(23.257694648413,76.4175482746702,-17.));
#2745=CARTESIAN_POINT('',(11.6326946484167,15.8175482746659,-17.));
#2746=CARTESIAN_POINT('',(26.257694648414,15.8175482746659,-17.));
#2747=CARTESIAN_POINT('',(13.6326946484167,13.8175482746659,-17.));
#2748=CARTESIAN_POINT('Origin',(11.6326946484167,13.8175482746659,-17.));
#2749=CARTESIAN_POINT('',(13.6326946484167,7.81754827466592,-17.));
#2750=CARTESIAN_POINT('',(13.6326946484167,26.9675482746667,-17.));
#2751=CARTESIAN_POINT('',(56.7576946484136,7.81754827466592,-17.));
#2752=CARTESIAN_POINT('Origin',(5.63269464841467,76.4175482746702,-20.));
#2753=CARTESIAN_POINT('',(11.6326946484147,76.4175482746702,-5.));
#2754=CARTESIAN_POINT('',(11.6326946484147,76.4175482746702,-20.));
#2755=CARTESIAN_POINT('',(11.6326946484147,76.4175482746702,-5.));
#2756=CARTESIAN_POINT('Origin',(11.6326946484147,78.4175482746702,-20.));
#2757=CARTESIAN_POINT('',(13.6326946484147,78.4175482746702,-5.));
#2758=CARTESIAN_POINT('',(13.6326946484147,78.4175482746702,-20.));
#2759=CARTESIAN_POINT('Origin',(11.6326946484147,78.4175482746702,-5.));
#2760=CARTESIAN_POINT('Origin',(13.6326946484147,78.4175482746702,-20.));
#2761=CARTESIAN_POINT('',(13.6326946484147,84.4175482746702,-5.));
#2762=CARTESIAN_POINT('Origin',(9.63269464841467,80.4175482746702,-5.));
#2763=CARTESIAN_POINT('',(11.2326946484166,80.3175482746683,-5.));
#2764=CARTESIAN_POINT('Origin',(9.63269464841659,80.3175482746683,-5.));
#2765=CARTESIAN_POINT('Origin',(76.1326946484078,15.8175482746659,-20.));
#2766=CARTESIAN_POINT('',(70.1326946484079,15.8175482746659,-5.));
#2767=CARTESIAN_POINT('',(70.1326946484079,15.8175482746659,-20.));
#2768=CARTESIAN_POINT('',(76.1326946484078,15.8175482746659,-5.));
#2769=CARTESIAN_POINT('',(70.1326946484079,15.8175482746659,-5.));
#2770=CARTESIAN_POINT('',(76.1326946484078,15.8175482746659,-20.));
#2771=CARTESIAN_POINT('Origin',(70.1326946484079,13.8175482746659,-20.));
#2772=CARTESIAN_POINT('',(68.1326946484078,13.8175482746659,-5.));
#2773=CARTESIAN_POINT('',(68.1326946484078,13.8175482746659,-20.));
#2774=CARTESIAN_POINT('Origin',(70.1326946484079,13.8175482746659,-5.));
#2775=CARTESIAN_POINT('Origin',(68.1326946484078,13.8175482746659,-20.));
#2776=CARTESIAN_POINT('',(68.1326946484078,7.81754827466592,-5.));
#2777=CARTESIAN_POINT('',(68.1326946484078,7.81754827466592,-20.));
#2778=CARTESIAN_POINT('',(68.1326946484078,7.81754827466592,-5.));
#2779=CARTESIAN_POINT('Origin',(72.1326946484078,11.8175482746659,-5.));
#2780=CARTESIAN_POINT('',(76.1326946484078,11.3175482746659,-5.));
#2781=CARTESIAN_POINT('',(72.6326946484091,7.81754827466592,-5.));
#2782=CARTESIAN_POINT('Origin',(72.6326946484091,11.3175482746659,-5.));
#2783=CARTESIAN_POINT('',(76.1326946484078,46.3675482746671,-5.));
#2784=CARTESIAN_POINT('',(72.3826946484119,7.81754827466592,-5.));
#2785=CARTESIAN_POINT('',(73.732694648416,11.8175482746691,-5.));
#2786=CARTESIAN_POINT('Origin',(72.132694648416,11.8175482746691,-5.));
#2787=CARTESIAN_POINT('Origin',(76.1326946484078,80.9175482746683,-20.));
#2788=CARTESIAN_POINT('',(76.1326946484091,76.4175482746702,-5.));
#2789=CARTESIAN_POINT('',(76.1326946484078,80.6675482746692,-5.));
#2790=CARTESIAN_POINT('',(76.1326946484078,76.4175482746702,-20.));
#2791=CARTESIAN_POINT('',(76.1326946484078,11.3175482746691,-20.));
#2792=CARTESIAN_POINT('Origin',(72.6326946484091,11.3175482746659,-20.));
#2793=CARTESIAN_POINT('',(72.632694648416,7.81754827466592,-20.));
#2794=CARTESIAN_POINT('Origin',(13.6326946484167,7.81754827466592,-20.));
#2795=CARTESIAN_POINT('',(13.6326946484167,13.8175482746659,-5.));
#2796=CARTESIAN_POINT('',(13.6326946484167,13.8175482746659,-20.));
#2797=CARTESIAN_POINT('',(13.6326946484167,7.81754827466592,-5.));
#2798=CARTESIAN_POINT('',(13.6326946484167,13.8175482746659,-5.));
#2799=CARTESIAN_POINT('',(13.6326946484167,7.81754827466592,-20.));
#2800=CARTESIAN_POINT('Origin',(11.6326946484167,13.8175482746659,-20.));
#2801=CARTESIAN_POINT('',(11.6326946484167,15.8175482746659,-5.));
#2802=CARTESIAN_POINT('',(11.6326946484167,15.8175482746659,-20.));
#2803=CARTESIAN_POINT('Origin',(11.6326946484167,13.8175482746659,-5.));
#2804=CARTESIAN_POINT('Origin',(11.6326946484167,15.8175482746659,-20.));
#2805=CARTESIAN_POINT('',(5.63269464841674,15.8175482746659,-5.));
#2806=CARTESIAN_POINT('Origin',(9.63269464841674,11.8175482746659,-5.));
#2807=CARTESIAN_POINT('',(9.13269464841467,7.81754827466592,-5.));
#2808=CARTESIAN_POINT('Origin',(9.13269464841467,11.3175482746659,-5.));
#2809=CARTESIAN_POINT('',(41.1326946484164,7.81754827466592,-5.));
#2810=CARTESIAN_POINT('',(11.2326946484166,11.8175482746692,-5.));
#2811=CARTESIAN_POINT('Origin',(9.63269464841659,11.8175482746692,-5.));
#2812=CARTESIAN_POINT('Origin',(72.632694648416,7.81754827466592,-20.));
#2813=CARTESIAN_POINT('',(9.13269464841662,7.81754827466592,-3.49));
#2814=CARTESIAN_POINT('',(9.13269464841662,7.81754827466592,-20.));
#2815=CARTESIAN_POINT('',(13.6326946484167,7.81754827466592,-3.49));
#2816=CARTESIAN_POINT('Origin',(9.13269464841467,11.3175482746659,-20.));
#2817=CARTESIAN_POINT('Origin',(9.13269464841467,11.3175482746659,-3.49));
#2818=CARTESIAN_POINT('Origin',(70.1326946484079,78.4175482746702,-20.));
#2819=CARTESIAN_POINT('',(70.1326946484079,76.4175482746702,-5.));
#2820=CARTESIAN_POINT('',(70.1326946484079,76.4175482746702,-20.));
#2821=CARTESIAN_POINT('',(68.1326946484079,78.4175482746702,-5.));
#2822=CARTESIAN_POINT('Origin',(70.1326946484079,78.4175482746702,-5.));
#2823=CARTESIAN_POINT('',(68.1326946484079,78.4175482746702,-20.));
#2824=CARTESIAN_POINT('Origin',(70.1326946484079,76.4175482746702,-20.));
#2825=CARTESIAN_POINT('',(70.1326946484079,76.4175482746702,-5.));
#2826=CARTESIAN_POINT('Origin',(68.1326946484079,84.4175482746702,-20.));
#2827=CARTESIAN_POINT('',(68.1326946484079,84.4175482746702,-5.));
#2828=CARTESIAN_POINT('Origin',(72.1326946484085,80.4175482746702,-5.));
#2829=CARTESIAN_POINT('',(73.732694648416,80.3175482746683,-5.));
#2830=CARTESIAN_POINT('Origin',(72.132694648416,80.3175482746683,-5.));
#2831=CARTESIAN_POINT('Origin',(40.8826946484113,46.1175482746676,-3.49));
#2832=CARTESIAN_POINT('',(2.63269464841467,8.31754827466592,-3.49));
#2833=CARTESIAN_POINT('',(2.63269464841467,8.31754827466592,-3.49));
#2834=CARTESIAN_POINT('',(6.13269464841466,4.81754827466593,-3.49));
#2835=CARTESIAN_POINT('Origin',(6.13269464841467,8.31754827466592,-3.49));
#2836=CARTESIAN_POINT('',(75.6326946484079,4.81754827466913,-3.49));
#2837=CARTESIAN_POINT('Origin',(9.63269464841659,80.3175482746683,-20.));
#2838=CARTESIAN_POINT('',(11.2326946484166,80.3175482746683,-20.));
#2839=CARTESIAN_POINT('',(11.2326946484166,80.3175482746683,-20.));
#2840=CARTESIAN_POINT('Origin',(9.63269464841659,80.3175482746683,-20.));
#2841=CARTESIAN_POINT('Origin',(72.132694648416,11.8175482746691,-20.));
#2842=CARTESIAN_POINT('',(73.732694648416,11.8175482746691,-20.));
#2843=CARTESIAN_POINT('',(73.732694648416,11.8175482746691,-20.));
#2844=CARTESIAN_POINT('Origin',(72.132694648416,11.8175482746691,-20.));
#2845=CARTESIAN_POINT('Origin',(9.63269464841659,11.8175482746692,-20.));
#2846=CARTESIAN_POINT('',(11.2326946484166,11.8175482746692,-20.));
#2847=CARTESIAN_POINT('',(11.2326946484166,11.8175482746692,-20.));
#2848=CARTESIAN_POINT('Origin',(9.63269464841659,11.8175482746692,-20.));
#2849=CARTESIAN_POINT('Origin',(72.132694648416,80.3175482746683,-20.));
#2850=CARTESIAN_POINT('',(73.732694648416,80.3175482746683,-20.));
#2851=CARTESIAN_POINT('',(73.732694648416,80.3175482746683,-20.));
#2852=CARTESIAN_POINT('Origin',(72.132694648416,80.3175482746683,-20.));
#2853=CARTESIAN_POINT('Origin',(2.63269464841476,83.9175482746697,-20.));
#2854=CARTESIAN_POINT('',(2.63269464841467,8.31754827466592,-20.));
#2855=CARTESIAN_POINT('',(2.63269464841511,83.9175482746697,-20.));
#2856=CARTESIAN_POINT('',(2.63269464841467,8.31754827466592,-20.));
#2857=CARTESIAN_POINT('',(2.63269464841467,8.31754827466592,-20.));
#2858=CARTESIAN_POINT('',(2.63269464841511,83.9175482746697,-20.));
#2859=CARTESIAN_POINT('Origin',(6.13269464841467,83.9175482746697,-20.));
#2860=CARTESIAN_POINT('',(6.13269464841467,87.4175482746692,-20.));
#2861=CARTESIAN_POINT('Origin',(6.13269464841467,83.9175482746697,-20.));
#2862=CARTESIAN_POINT('',(6.13269464841467,87.4175482746692,-20.));
#2863=CARTESIAN_POINT('Origin',(75.6326946484079,87.4175482746692,-20.));
#2864=CARTESIAN_POINT('',(75.6326946484079,87.4175482746692,-20.));
#2865=CARTESIAN_POINT('',(6.13269464841467,87.4175482746692,-20.));
#2866=CARTESIAN_POINT('',(75.6326946484079,87.4175482746692,-20.));
#2867=CARTESIAN_POINT('Origin',(75.6326946484079,83.9175482746692,-20.));
#2868=CARTESIAN_POINT('',(79.1326946484079,83.9175482746692,-20.));
#2869=CARTESIAN_POINT('Origin',(75.6326946484079,83.9175482746692,-20.));
#2870=CARTESIAN_POINT('',(79.1326946484079,83.9175482746692,-20.));
#2871=CARTESIAN_POINT('Origin',(79.1326946484079,8.31754827466592,-20.));
#2872=CARTESIAN_POINT('',(79.1326946484047,8.31754827466592,-20.));
#2873=CARTESIAN_POINT('',(79.1326946484079,83.9175482746692,-20.));
#2874=CARTESIAN_POINT('',(79.1326946484047,8.31754827466592,-20.));
#2875=CARTESIAN_POINT('Origin',(75.6326946484079,8.31754827466592,-20.));
#2876=CARTESIAN_POINT('',(75.6326946484079,4.81754827466913,-20.));
#2877=CARTESIAN_POINT('Origin',(75.6326946484079,8.31754827466592,-20.));
#2878=CARTESIAN_POINT('',(75.6326946484079,4.81754827466913,-20.));
#2879=CARTESIAN_POINT('Origin',(6.13269464841466,4.81754827466592,-20.));
#2880=CARTESIAN_POINT('',(6.13269464841467,4.81754827466593,-20.));
#2881=CARTESIAN_POINT('',(75.6326946484079,4.81754827466913,-20.));
#2882=CARTESIAN_POINT('',(6.13269464841467,4.81754827466593,-20.));
#2883=CARTESIAN_POINT('Origin',(6.13269464841467,8.31754827466592,-20.));
#2884=CARTESIAN_POINT('Origin',(6.13269464841467,8.31754827466592,-20.));
#2885=CARTESIAN_POINT('Origin',(40.8826946484113,46.1175482746676,-20.));
#2886=CARTESIAN_POINT('',(1.31096741587216,-0.348905628979148,21.568567763734));
#2887=UNCERTAINTY_MEASURE_WITH_UNIT(LENGTH_MEASURE(0.01),#2893,
'DISTANCE_ACCURACY_VALUE',
'Maximum model space distance between geometric entities at asserted c
onnectivities');
#2888=UNCERTAINTY_MEASURE_WITH_UNIT(LENGTH_MEASURE(0.01),#2893,
'DISTANCE_ACCURACY_VALUE',
'Maximum model space distance between geometric entities at asserted c
onnectivities');
#2889=UNCERTAINTY_MEASURE_WITH_UNIT(LENGTH_MEASURE(0.01),#2893,
'DISTANCE_ACCURACY_VALUE',
'Maximum model space distance between geometric entities at asserted c
onnectivities');
#2890=(
GEOMETRIC_REPRESENTATION_CONTEXT(3)
GLOBAL_UNCERTAINTY_ASSIGNED_CONTEXT((#2887))
GLOBAL_UNIT_ASSIGNED_CONTEXT((#2893,#2895,#2896))
REPRESENTATION_CONTEXT('','3D')
);
#2891=(
GEOMETRIC_REPRESENTATION_CONTEXT(3)
GLOBAL_UNCERTAINTY_ASSIGNED_CONTEXT((#2888))
GLOBAL_UNIT_ASSIGNED_CONTEXT((#2893,#2895,#2896))
REPRESENTATION_CONTEXT('','3D')
);
#2892=(
GEOMETRIC_REPRESENTATION_CONTEXT(3)
GLOBAL_UNCERTAINTY_ASSIGNED_CONTEXT((#2889))
GLOBAL_UNIT_ASSIGNED_CONTEXT((#2893,#2895,#2896))
REPRESENTATION_CONTEXT('','3D')
);
#2893=(
LENGTH_UNIT()
NAMED_UNIT(*)
SI_UNIT(.MILLI.,.METRE.)
);
#2894=(
LENGTH_UNIT()
NAMED_UNIT(*)
SI_UNIT($,.METRE.)
);
#2895=(
NAMED_UNIT(*)
PLANE_ANGLE_UNIT()
SI_UNIT($,.RADIAN.)
);
#2896=(
NAMED_UNIT(*)
SI_UNIT($,.STERADIAN.)
SOLID_ANGLE_UNIT()
);
#2897=SHAPE_DEFINITION_REPRESENTATION(#2899,#2902);
#2898=SHAPE_DEFINITION_REPRESENTATION(#2900,#2903);
#2899=PRODUCT_DEFINITION_SHAPE('',$,#2905);
#2900=PRODUCT_DEFINITION_SHAPE('',$,#2906);
#2901=PRODUCT_DEFINITION_SHAPE($,$,#14);
#2902=SHAPE_REPRESENTATION('',(#1745,#1899),#2890);
#2903=SHAPE_REPRESENTATION('',(#1746),#2891);
#2904=PRODUCT_DEFINITION_CONTEXT('part definition',#2912,'design');
#2905=PRODUCT_DEFINITION('2026-07-05-18-45-31-500','MainAssembly',#2907,
#2904);
#2906=PRODUCT_DEFINITION('2026-07-10-20-22-04-211','MainCase',#2908,#2904);
#2907=PRODUCT_DEFINITION_FORMATION('',$,#2914);
#2908=PRODUCT_DEFINITION_FORMATION('',$,#2915);
#2909=PRODUCT_RELATED_PRODUCT_CATEGORY('MainAssembly','MainAssembly',(#2914));
#2910=PRODUCT_RELATED_PRODUCT_CATEGORY('MainCase','MainCase',(#2915));
#2911=APPLICATION_PROTOCOL_DEFINITION('international standard',
'automotive_design',2009,#2912);
#2912=APPLICATION_CONTEXT(
'Core Data for Automotive Mechanical Design Process');
#2913=PRODUCT_CONTEXT('part definition',#2912,'mechanical');
#2914=PRODUCT('2026-07-05-18-45-31-500','MainAssembly',$,(#2913));
#2915=PRODUCT('2026-07-10-20-22-04-211','MainCase',$,(#2913));
#2916=PRESENTATION_STYLE_ASSIGNMENT((#2918));
#2917=PRESENTATION_STYLE_ASSIGNMENT((#2919));
#2918=SURFACE_STYLE_USAGE(.BOTH.,#2920);
#2919=SURFACE_STYLE_USAGE(.BOTH.,#2921);
#2920=SURFACE_SIDE_STYLE('',(#2922));
#2921=SURFACE_SIDE_STYLE('',(#2923));
#2922=SURFACE_STYLE_FILL_AREA(#2924);
#2923=SURFACE_STYLE_FILL_AREA(#2925);
#2924=FILL_AREA_STYLE('Steel - Satin',(#2926));
#2925=FILL_AREA_STYLE('ABS (White) (1)',(#2927));
#2926=FILL_AREA_STYLE_COLOUR('Steel - Satin',#2928);
#2927=FILL_AREA_STYLE_COLOUR('ABS (White) (1)',#2929);
#2928=COLOUR_RGB('Steel - Satin',0.627450980392157,0.627450980392157,0.627450980392157);
#2929=COLOUR_RGB('ABS (White) (1)',0.137254901960784,0.427450980392157,
0.501960784313725);
ENDSEC;
END-ISO-10303-21;
